10_so/299495_0.java_paintComponent#22#26,mattibal/meshnet/MeshNetBase/src/com/mattibal/meshnet/utils/color/gui/LabChooserJFrame.java_paintComponent#89#95,TP,2,* almost exact copy of paintComponent() --> auto-generated?,1,1
10_so/299495_0.java_paintComponent#22#26,mattibal/meshnet/MeshNetBase/src/com/mattibal/meshnet/utils/color/gui/HuslChooserJFrame.java_paintComponent#93#99,TP,2,* almost exact copy of paintComponent() --> auto-generated?,1,1
10_so/299495_0.java_paintComponent#22#26,libgdx/libgdx/extensions/gdx-tools/src/com/badlogic/gdx/tools/flame/ImagePanel.java_paintComponent#30#34,TP,2,* almost exact copy of paintComponent() --> auto-generated?,0.6,0.35
10_so/299495_0.java_paintComponent#22#26,SAMLRaider/SAMLRaider/src/main/java/gui/ImagePanel.java_paintComponent#40#44,TP,2,* almost exact copy of paintComponent() --> auto-generated?,1,1
10_so/299495_0.java_paintComponent#22#26,R3DST0RM/MediaDownloader/src/ImagePreviewPanel.java_paintComponent#20#24,TP,2,* almost exact copy of paintComponent() --> auto-generated?,,
10_so/299495_0.java_paintComponent#22#26,CXgamer/MC-ticker/src/presentation/gui/desktop/DesktopPane.java_paintComponent#32#37,TP,1,* almost exact copy of paintComponent() except comment --> auto-generated? ,,
10_so/299495_0.java_paintComponent#22#26,timmolter/AHaH/ahah-samples/src/main/java/com/mancrd/ahah/samples/classifier/mnist/MnistImagePanel.java_paintComponent#75#80,TP,2,* almost exact copy of paintComponent() --> auto-generated?,,
10_so/299495_0.java_paintComponent#22#26,philfrei/SiVi/src/main/java/com/adonax/simplexNoiseVisualizer/OctaveGUI.java_paintComponent#544#548,TP,2,* almost exact copy of paintComponent() --> auto-generated?,,
10_so/299495_0.java_paintComponent#22#26,Radiodef/WaveformDemo/waveformdemo/WaveformDemo.java_paintComponent#715#722,TP,3,,,
10_so/299495_0.java_paintComponent#22#26,edwinm/Game-of-Life-in-Java/src/org/bitstorm/util/ImageComponent.java_paint#56#58,TP,3,* no super.paintComponent(g); ,,
10_so/299495_0.java_paintComponent#22#26,pengwei1024/apkReSign/src/de/troido/resigner/ui/MainWindow.java_paintComponent#42#47,TP,3,* have Graphics2D g2 = (Graphics2D) g;,,
10_so/299495_0.java_paintComponent#22#26,gephi/gephi/modules/Utils/src/main/java/org/gephi/utils/sparklines/SparklineComponent.java_paintComponent#92#98,TP,3,* have a few added statements,,
10_so/299495_0.java_paintComponent#22#26,aNNiMON/Own-Programming-Language-Tutorial/src/main/java/com/annimon/ownlang/modules/canvas/canvas.java_paintComponent#128#132,TP,2,* almost exact copy of paintComponent() --> auto-generated?,,
10_so/299495_0.java_paintComponent#22#26,ArlindNocaj/power-voronoi-diagram/src/kn/uni/voronoitreemap/debuge/ImageFrame.java_paint#41#44,TP,3,* different method's name and missing super.paintComponent(g);,,
10_so/299495_0.java_paintComponent#22#26,dbothwell/remote-linux-monitor/RemoteMonitor/src/db/remoteLinuxMonitor/AboutPanel.java_paintComponent#56#63,TP,3,,,
10_so/299495_0.java_paintComponent#22#26,alibaba/freeline/freeline-studio-plugin/src/main/java/com/antfortune/freeline/idea/views/ImageJPanel.java_paint#29#33,TP,3,* interesting,,
10_so/299495_0.java_paintComponent#22#26,jitsi/jitsi/src/net/java/sip/communicator/plugin/spellcheck/LanguageMenuBar.java_paintComponent#416#423,TP,3,* interesting,,
10_so/299495_0.java_paintComponent#22#26,jitsi/jitsi/src/net/java/sip/communicator/impl/gui/main/chat/ChatTransportSelectorBox.java_paintComponent#489#498,TP,3,* interesting,,
10_so/299495_0.java_paintComponent#22#26,Litarvan/OpenLauncherLib/src/main/java/fr/theshark34/openlauncherlib/util/SplashScreen.java_paintComponent#160#164,TP,3,,,
10_so/299495_0.java_paintComponent#22#26,BranislavLazic/SwingTutorials/src/main/java/JPanelTutorial.java_paintComponent#32#37,TP,3,* interesting,,
10_so/299495_0.java_ImagePanel#14#20,SAMLRaider/SAMLRaider/src/main/java/gui/ImagePanel.java_ImagePanel#21#38,TP,3,* has handle exception,,
10_so/299495_0.java_ImagePanel#14#20,R3DST0RM/MediaDownloader/src/ImagePreviewPanel.java_ImagePreviewPanel#11#18,TP,3,* has handle exception,,
10_so/299495_0.java_ImagePanel#14#20,jitsi/jitsi/src/net/java/sip/communicator/plugin/desktoputil/ImageUtils.java_getBufferedImage#438#455,TP,3,,,
10_so/299495_0.java_ImagePanel#14#20,dperezcabrera/jpoker/src/main/java/org/poker/gui/ImageManager.java_getImage#46#57,TP,3,,,
10_so/299495_0.java_ImagePanel#14#20,aistrate/AlgorithmsSedgewick/StdLib/Picture.java_Picture#104#113,TP,3,,,
10_so/299495_0.java_ImagePanel#14#20,cedricziel/idea-php-typo3-plugin/src/main/java/com/cedricziel/idea/typo3/util/IconUtil.java_createIconFromFile#28#54,TP,3,,,
10_so/299495_0.java_ImagePanel#14#20,BranislavLazic/SwingTutorials/src/main/java/JPanelTutorial.java_JPanelTutorial#24#30,TP,3,,,
10_so/299495_0.java_ImagePanel#14#20,gephi/gephi/modules/UIComponents/src/main/java/org/gephi/ui/components/splineeditor/SplineControlPanel.java_getImage#387#403,TP,3,,,
10_so/299495_0.java_ImagePanel#14#20,mikera/mikera/src/main/java/mikera/image/generation/ImageUtils.java_getImage#40#49,TP,3,,,
10_so/299495_0.java_ImagePanel#14#20,biblelamp/JavaExercises/Experiments/DrawImage.java_ImageComponent#36#43,TP,3,,,
10_so/299495_0.java_ImagePanel#14#20,Konloch/bytecode-viewer/src/main/java/the/bytecode/club/bytecodeviewer/gui/FileViewer.java_refresh#369#386,TP,3,,,
10_so/299495_0.java_ImagePanel#14#20,bobbylight/AutoComplete/src/main/java/org/fife/ui/autocomplete/SizeGrip.java_createOSXSizeGrip#75#101,TP,3,,,
10_so/299495_0.java_ImagePanel#14#20,coobird/thumbnailator/src/test/java/net/coobird/thumbnailator/ThumbnailsBuilderTest.java_sourceRegion_PositionSize_SizeNull#1804#1825,TP,3,,,
10_so/299495_0.java_ImagePanel#14#20,coobird/thumbnailator/src/test/java/net/coobird/thumbnailator/ThumbnailsBuilderTest.java_sourceRegion_Region_Null#1636#1657,TP,3,,,
10_so/299495_0.java_ImagePanel#14#20,coobird/thumbnailator/src/test/java/net/coobird/thumbnailator/ThumbnailsBuilderTest.java_sourceRegion_Rectangle_Null#1703#1724,TP,3,,,
10_so/299495_0.java_ImagePanel#14#20,coobird/thumbnailator/src/test/java/net/coobird/thumbnailator/ThumbnailsBuilderTest.java_sourceRegion_PositionIntInt_PositionNull#1871#1892,TP,3,,,
10_so/299495_0.java_ImagePanel#14#20,alibaba/freeline/freeline-studio-plugin/src/main/java/com/antfortune/freeline/idea/views/ImageJPanel.java_setImagePath#18#27,TP,3,,,
10_so/299495_0.java_ImagePanel#14#20,psal/anonymouth/src/edu/drexel/psal/anonymouth/helpers/ImageLoader.java_getImage#51#62,TP,3,,,
10_so/299495_0.java_ImagePanel#14#20,coobird/thumbnailator/src/test/java/net/coobird/thumbnailator/ThumbnailsBuilderTest.java_sourceRegion_PositionSize_PositionNull#1770#1791,TP,3,,,
10_so/299495_0.java_ImagePanel#14#20,coobird/thumbnailator/src/test/java/net/coobird/thumbnailator/ThumbnailsBuilderTest.java_sourceRegion_IntIntIntInt_WidthNonPositive#2006#2027,TP,3,,,
10_so/26305_0.java_method#1#17,JetBrains/intellij-community/platform/util/src/com/intellij/util/ui/UIUtil.java_playSoundFromStream#3924#3943,TP,3,,,
10_so/26305_0.java_method#1#17,Johnnei/Youtube-Tutorials/emulator_chip8/Part 11 - Final/src/chip/Audio.java_playSound#11#21,TP,3,,,
10_so/26305_0.java_method#1#17,Johnnei/Youtube-Tutorials/emulator_chip8/Part 10 - Beep__Boop/src/chip/Audio.java_playSound#11#21,TP,3,,,
10_so/26305_0.java_method#1#17,JetBrains/intellij-community/platform/util/src/com/intellij/util/ui/UIUtil.java_run#3928#3941,TP,3,,,
10_so/26305_0.java_method#1#17,alxmtv/pomodoro4nb/src/org/matveev/pomodoro4nb/utils/MediaPlayer.java_play#34#48,TP,3,,,
10_so/26305_0.java_method#1#17,icode/DynamicCompressor/DynamicCompressor/src/test/java/MultithreadsServletTest.java_runThreadHttpRequest#69#83,FP,,,,
10_so/26305_0.java_method#1#17,react-native-component/react-native-smart-barcode/android/src/main/java/com/reactnativecomponent/barcode/RCTCaptureModule.java_DecodeFromPath#129#152,FP,,,,
10_so/26305_0.java_method#1#17,alxmtv/pomodoro4nb/src/org/matveev/pomodoro4nb/utils/MediaPlayer.java_run#37#46,TP,3,,,
10_so/26305_0.java_method#1#17,vbartacek/aacdecoder-android/decoder/src/com/spoledge/aacdecoder/AACPlayer.java_playAsync#292#305,FP,,,,
10_so/26305_0.java_method#1#17,ctripcorp/hermes/hermes-example/src/test/java/com/ctrip/hermes/example/performance/ProduceAndConsume.java_startBroker#87#101,FP,,,,
10_so/26305_0.java_method#1#17,wayfinder/Wayfinder-Sound-Syntax-Editor/src/com/wayfinder/syntaxedit/ClipPlayer.java_ClipPlayer#48#99,TP,3,,,
10_so/26305_0.java_method#1#17,Jamling/SmartIM/core/src/main/java/cn/ieclipse/smartim/callback/impl/DefaultLoginCallback.java_onQrcode#63#74,FP,,,,
10_so/26305_0.java_method#1#17,unclebob/springslim/src/main/java/info/fitnesse/TransactionalSlimServer.java_closeEnclosingServiceInSeparateThread#41#52,FP,,,,
10_so/26305_0.java_method#1#17,FreakDev/PhoneGap-Android-HTML5-WebSocket/java-src/com/freakdev/phonegap/WebSocket.java_send#81#99,FP,,,,
10_so/26305_0.java_method#1#17,gridgain/gridgain-advanced-examples/src/main/java/org/gridgain/examples/visor/VisorDemoLoadProducer.java_startLongTaskProducer#95#126,FP,,,,
10_so/26305_0.java_method#1#17,fyhertz/libstreaming/src/net/majorkernelpanic/streaming/hw/EncoderDebugger.java_asyncDebug#94#104,FP,,,,
10_so/26305_0.java_method#1#17,TeslineServices/Kidlogger/Android/v.1.4/src/net/kidlogger/kidlogger/KLService.java_runHistoryEvent#778#785,FP,,,,
10_so/26305_0.java_method#1#17,java-native-access/jna/contrib/platform/test/com/sun/jna/platform/win32/User32WindowMessagesTest.java_createWindow#190#204,FP,,,,
10_so/26305_0.java_method#1#17,fishwjy/VideoCompressor/videocompressor/src/main/java/com/vincent/videocompressor/VideoController.java_runConversion#108#122,FP,,,,
10_so/26305_0.java_method#1#17,RudreshJR/VideoCompression/app/src/main/java/com/rudresh/videocompression/videocompression/MediaController.java_runConversion#101#115,FP,,,,
10_so/320524_0.java_method#1#1,medcl/elasticsearch-analysis-mmseg/src/main/java/com/chenlb/mmseg4j/Dictionary.java_getDictRoot#478#482,TP,3,,,
10_so/320524_0.java_method#1#1,dobermai/mqtt-irc-bot/src/main/java/de/dobermai/mqttbot/Main.java_getExecutionPath#69#73,TP,3,,,
10_so/320524_0.java_method#1#1,NeptunePowered/NeptuneMod/src/main/java/org/neptunepowered/vanilla/launch/NeptuneServerMain.java_main#62#75,TP,3,,,
10_so/320524_0.java_method#1#1,MinecraftForge/Mercurius/src/main/java/net/minecraftforge/mercurius/utils/LauncherCachingHack.java_getJar#27#45,TP,3,,,
10_so/320524_0.java_method#1#1,oxguy3/craftboot/src/io/github/oxguy3/craftboot/Craftboot.java_makeDataDir#219#226,TP,3,,,
10_so/320524_0.java_method#1#1,apache/ignite/modules/hadoop/src/test/java/org/apache/ignite/internal/processors/hadoop/impl/HadoopCommandLineTest.java_createProcessBuilder#245#261,TP,3,,,
10_so/320524_0.java_method#1#1,gradle/gradle/subprojects/wrapper/src/main/java/org/gradle/wrapper/GradleWrapperMain.java_wrapperJar#80#91,TP,3,,,
10_so/320524_0.java_method#1#1,bdemers/maven-wrapper/src/main/java/org/apache/maven/wrapper/MavenWrapperMain.java_wrapperJar#84#102,TP,3,,,
10_so/320524_0.java_method#1#1,pentaho/pentaho-kettle/plugins/pentaho-googledrive-vfs/core/src/main/java/org/pentaho/googledrive/vfs/GoogleDriveFileObject.java_resolveCredentialsPath#226#231,TP,3,,,
10_so/320524_0.java_method#1#1,Nastel/tnt4j-stream-jmx/tnt4j-stream-jmx-core/src/main/java/com/jkoolcloud/tnt4j/stream/jmx/SamplingAgent.java_getSAPath#593#603,TP,3,,,
10_so/320524_0.java_method#1#1,teknux-org/jetty-bootstrap/jetty-bootstrap/src/main/java/org/teknux/jettybootstrap/utils/PathUtil.java_getJarDir#50#52,TP,3,,,
10_so/320524_0.java_method#1#1,hammock-project/hammock/jpa-core/src/main/java/ws/ament/hammock/jpa/HammockPersistenceUnitInfo.java_getPersistenceUnitRootUrl#89#92,TP,3,,,
10_so/320524_0.java_method#1#1,pentaho/pentaho-kettle/engine/src/test/java/org/pentaho/di/trans/steps/exceloutput/ExcelOutputTest.java_buildFilePath#57#64,TP,3,,,
10_so/320524_0.java_method#1#1,gchq/event-logging-schema/event-logging-transformer-main/src/main/java/event/logging/transformer/SchemaGenerator.java_displayUsageAndExit#94#106,TP,3,,,
10_so/320524_0.java_method#1#1,Wurst-Imperium/Wurst-MC-1.12/shared-src/net/wurstclient/update/Updater.java_update#102#139,TP,3,,,
10_so/320524_0.java_method#1#1,serayuzgur/heartbeat/heartbeat-common/src/main/java/com/heartbeat/common/dir/CommonPaths.java_getApplicationDirectory#17#36,TP,3,,,
10_so/320524_0.java_method#1#1,Sinrel/AnjoCaido-Launcher/src/net/minecraft/MinecraftLauncher.java_main#9#47,TP,3,,,
10_so/320524_0.java_method#1#1,Blodjer/HueImmersive/src/hueimmersive/Debug.java_activateLogging#24#47,TP,3,,,
10_so/320524_0.java_method#1#1,fabric8io/fabric8/components/fabric8-utils/src/main/java/io/fabric8/utils/Manifests.java_getManifestFromCurrentJar#67#77,TP,3,,,
10_so/320524_0.java_method#1#1,hailin0/es-service-parent/es-service-index-impl/src/main/java/com/es/service/index/common/conf/ClassPathResourcesReader.java_getPath#90#96,TP,3,,,
10_so/151777_1.java_method#1#10,k9mail/k-9/k9mail/src/main/java/com/fsck/k9/activity/MessageList.java_onRestoreInstanceState#536#542,TP,3,,,
10_so/151777_1.java_method#1#10,mrKlar/PagedDragDropGrid/pageddragdropgrid-examples/src/ca/laplanete/mobile/example/ExampleActivity.java_onRestoreInstanceState#72#77,TP,3,,,
10_so/151777_1.java_method#1#10,geftimov/android-draggable-viewpager/sample/src/main/java/com/eftimoff/draggableviewpager/ExampleActivity.java_onRestoreInstanceState#64#69,TP,3,,,
10_so/151777_1.java_method#1#10,xamarin/XobotOS/android/upstream/android/app/TimePickerDialog.java_onRestoreInstanceState#142#150,TP,3,,,
10_so/151777_1.java_method#1#10,lany192/DateTimePicker/library/src/main/java/com/lany/picker/HMPickerDialog.java_onRestoreInstanceState#150#158,TP,3,,,
10_so/151777_1.java_method#1#10,SimonVT/android-timepicker/library/src/net/simonvt/timepicker/TimePickerDialog.java_onRestoreInstanceState#150#158,TP,3,,,
10_so/151777_1.java_method#1#10,SecUSo/privacy-friendly-sudoku/app/src/main/java/org/secuso/privacyfriendlysudoku/ui/view/WinDialog.java_onRestoreInstanceState#59#68,TP,3,,,
10_so/151777_1.java_method#1#10,jMonkeyEngine/jmonkeyengine/jme3-android-examples/src/main/java/org/jmonkeyengine/jme3androidexamples/MainActivity.java_onRestoreInstanceState#346#357,TP,3,,,
10_so/151777_1.java_method#1#10,xamarin/XobotOS/android/upstream/android/app/DatePickerDialog.java_onRestoreInstanceState#149#156,TP,3,,,
10_so/151777_1.java_method#1#10,lany192/DateTimePicker/library/src/main/java/com/lany/picker/DatePickerDialog.java_onRestoreInstanceState#167#174,TP,3,,,
10_so/151777_1.java_method#1#10,SimonVT/android-datepicker/library/src/net/simonvt/datepicker/DatePickerDialog.java_onRestoreInstanceState#182#189,TP,3,,,
10_so/151777_1.java_method#1#10,TeamNewPipe/NewPipe/app/src/main/java/org/schabi/newpipe/player/old/PlayVideoActivity.java_onRestoreInstanceState#252#257,TP,3,,,
10_so/151777_1.java_method#1#10,googleads/googleads-adsense-examples/android/src/com/google/adsensequickstart/MainActivity.java_onRestoreInstanceState#223#229,TP,3,,,
10_so/151777_1.java_method#1#10,rebane621/e621-android/src/main/java/de/e621/rebane/activities/PostShowActivity.java_onRestoreInstanceState#769#774,TP,3,,,
10_so/151777_1.java_method#1#10,pwnall/chromeview/src/org/chromium/content/browser/input/MonthPickerDialog.java_onRestoreInstanceState#139#145,TP,3,,,
10_so/151777_1.java_method#1#10,owncloud/android/src/com/owncloud/android/authentication/AuthenticatorActivity.java_onRestoreInstanceState#646#670,TP,3,,,
10_so/151777_1.java_method#1#10,pwnall/chromeview/src/org/chromium/content/browser/input/DateTimePickerDialog.java_onRestoreInstanceState#193#205,TP,3,,,
10_so/151777_1.java_method#1#10,y20k/trackbook/app/src/main/java/org/y20k/trackbook/MainActivity.java_onRestoreInstanceState#206#212,TP,3,,,
10_so/151777_1.java_method#1#10,todoroo/astrid/astrid/src/com/todoroo/astrid/ui/DeadlineTimePickerDialog.java_onRestoreInstanceState#181#191,TP,3,,,
10_so/151777_1.java_method#1#10,ankidroid/Anki-Android/AnkiDroid/src/main/java/com/ichi2/anki/DeckPicker.java_onRestoreInstanceState#735#739,TP,3,,,
10_so/160970_1.java_method#1#5,apache/hbase/hbase-common/src/test/java/org/apache/hadoop/hbase/TestHBaseConfiguration.java_createEntryInProvider#339#365,TP,3,* find an implementation of code template,,
10_so/160970_1.java_method#1#5,flyzend/BaseProject/app/src/main/java/com/flyzend/baseproject/utils/SystemProperties.java_set#47#57,TP,3,* find an implementation of code template,,
10_so/160970_1.java_method#1#5,tim-group/karg/src/main/java/com/timgroup/karg/reflection/SetterMethod.java_set#61#73,TP,3,,,
10_so/160970_1.java_method#1#5,votd/vulnerability-of-the-day/reflection-abuse/EvilPlugin.java_invokePrivateMethod#66#77,TP,3,,,
10_so/160970_1.java_method#1#5,anjlab/anjlab-tapestry-commons/anjlab-tapestry-commons/src/main/java/com/anjlab/tapestry5/services/InjectionHelperImpl.java_invokeMethodWithParameters#112#133,TP,3,,,
10_so/160970_1.java_method#1#5,hazelcast/hazelcast/hazelcast/src/test/java/com/hazelcast/test/starter/ConfigConstructor.java_updateConfig#162#171,TP,3,,,
10_so/160970_1.java_method#1#5,zeroturnaround/zt-zip/src/main/java/org/zeroturnaround/zip/ZTZipReflectionUtil.java_invoke#32#45,TP,3,,,
10_so/160970_1.java_method#1#5,lumien231/Hardcore-Darkness/src/main/java/lumien/hardcoredarkness/handler/ReflectionHandler.java_refreshLighting#31#49,TP,3,,,
10_so/160970_1.java_method#1#5,Netflix/Hystrix/hystrix-core/src/main/java/com/netflix/hystrix/strategy/HystrixArchaiusHelper.java_loadCascadedPropertiesFromResources#57#66,TP,3,,,
10_so/160970_1.java_method#1#5,rngtng/launchpad/src/com/rngtng/launchpad/LaunchadPAppletListener.java_launchpadSceneButtonReleased#129#140,TP,3,,,
10_so/160970_1.java_method#1#5,rngtng/launchpad/src/com/rngtng/launchpad/LaunchadPAppletListener.java_launchpadSceneButtonPressed#116#127,TP,3,,,
10_so/160970_1.java_method#1#5,rngtng/launchpad/src/com/rngtng/launchpad/LaunchadPAppletListener.java_launchpadGridReleased#154#165,TP,3,,,
10_so/160970_1.java_method#1#5,rngtng/launchpad/src/com/rngtng/launchpad/LaunchadPAppletListener.java_launchpadGridPressed#141#152,TP,3,,,
10_so/160970_1.java_method#1#5,rngtng/launchpad/src/com/rngtng/launchpad/LaunchadPAppletListener.java_launchpadButtonReleased#103#114,TP,3,,,
10_so/160970_1.java_method#1#5,rngtng/launchpad/src/com/rngtng/launchpad/LaunchadPAppletListener.java_launchpadButtonPressed#90#101,TP,3,,,
10_so/160970_1.java_method#1#5,rngtng/IrDude/src/com/rngtng/irdude/MainActivity.java_irSend#64#77,TP,3,,,
10_so/160970_1.java_method#1#5,ning/atlas/src/main/java/com/ning/atlas/bus/EventHandler.java_handleEvent#67#80,TP,3,,,
10_so/160970_1.java_method#1#5,google/guava/guava/src/com/google/common/eventbus/Subscriber.java_invokeSubscriberMethod#84#98,TP,3,,,
10_so/160970_1.java_method#1#5,google/guava/android/guava/src/com/google/common/eventbus/Subscriber.java_invokeSubscriberMethod#84#98,TP,3,,,
10_so/160970_1.java_method#1#5,VoltDB/voltdb/third_party/java/src/com/google_voltpatches/common/eventbus/Subscriber.java_invokeSubscriberMethod#88#102,TP,3,,,
10_so/240546_0.java_method#1#3,guardianproject/ChatSecureAndroid/src/info/guardianproject/otr/app/im/service/StatusBarNotifier.java_html2text#414#416,TP,1,,,
10_so/240546_0.java_method#1#3,zheng108/exit-web-framework/exit-common/src/main/java/org/exitsoft/common/utils/EncodeUtils.java_escapeHtml#105#107,FP,,,,
10_so/240546_0.java_method#1#3,xushaomin/dubbo-admin/src/main/java/com/alibaba/dubbo/registry/common/util/Tool.java_encodeHtml#98#100,FP,,,,
10_so/240546_0.java_method#1#3,xushaomin/dubbo-admin/src/main/java/com/alibaba/dubbo/registry/common/util/Tool.java_decodeHtml#102#104,FP,,,,
10_so/240546_0.java_method#1#3,xushaomin/dubbo-admin/src/main/java/com/alibaba/dubbo/governance/web/common/pulltool/Tool.java_unescape#199#201,FP,,,,
10_so/240546_0.java_method#1#3,xushaomin/dubbo-admin/src/main/java/com/alibaba/dubbo/governance/web/common/pulltool/Tool.java_escape#195#197,FP,,,,
10_so/240546_0.java_method#1#3,xushaomin/dubbo-admin/src/main/java/com/alibaba/dubbo/governance/web/common/pulltool/Tool.java_encodeHtml#211#213,FP,,,,
10_so/240546_0.java_method#1#3,xiaotutiger/miyue-music-service/miyue-music-service/src/main/java/com/miyue/util/EncoderUtil.java_htmlEscape#116#118,FP,,,,
10_so/240546_0.java_method#1#3,springside/springside4/modules/utils/src/main/java/org/springside/modules/utils/text/EscapeUtil.java_unescapeHtml#78#80,FP,,,,
10_so/240546_0.java_method#1#3,springside/springside4/modules/utils/src/main/java/org/springside/modules/utils/text/EscapeUtil.java_escapeHtml#69#71,FP,,,,
10_so/240546_0.java_method#1#3,henryyan/springside-core-3.3.4.x/src/main/java/org/springside/modules/utils/encode/EncodeUtils.java_htmlEscape#94#96,FP,,,,
10_so/240546_0.java_method#1#3,alibaba/dubbo/dubbo-admin/src/main/java/com/alibaba/dubbo/registry/common/util/Tool.java_encodeHtml#114#116,FP,,,,
10_so/240546_0.java_method#1#3,alibaba/dubbo/dubbo-admin/src/main/java/com/alibaba/dubbo/registry/common/util/Tool.java_decodeHtml#118#120,FP,,,,
10_so/240546_0.java_method#1#3,alibaba/dubbo/dubbo-admin/src/main/java/com/alibaba/dubbo/governance/web/common/pulltool/Tool.java_unescape#205#207,FP,,,,
10_so/240546_0.java_method#1#3,alibaba/dubbo/dubbo-admin/src/main/java/com/alibaba/dubbo/governance/web/common/pulltool/Tool.java_escape#201#203,FP,,,,
10_so/240546_0.java_method#1#3,alibaba/dubbo/dubbo-admin/src/main/java/com/alibaba/dubbo/governance/web/common/pulltool/Tool.java_encodeHtml#217#219,FP,,,,
10_so/240546_0.java_method#1#3,SOBotics/Natty/src/main/java/in/bhargavrao/stackoverflow/natty/utils/CheckUtils.java_stripTags#73#76,TP,3,,,
10_so/240546_0.java_method#1#3,k4ch0w/PwnBack/src/com.k4ch0w.pwnback/PwnBackParser.java_stripHTMLTags#61#63,TP,3,,,
10_so/240546_0.java_method#1#3,vaadin/framework/client/src/main/java/com/vaadin/client/Util.java_escapeHTML#169#172,FP,,,,
10_so/240546_0.java_method#1#3,CrawlScript/WebCollector/WebCollector/src/main/java/cn/edu/hfut/dmic/contentextractor/ContentExtractor.java_getContentByHtml#466#469,TP,3,,,
10_so/151777_0.java_method#1#12,psaravan/JamsMusicPlayer/jamsMusicPlayer/src/main/java/com/jams/music/player/NowPlayingActivity/NowPlayingActivity.java_onSaveInstanceState#1314#1319,TP,3,,,
10_so/151777_0.java_method#1#12,ozeetee/AndroidImageZoomCrop/app/src/main/java/io/togoto/imagezoomcrop/demo/ImageCropActivity.java_onSaveInstanceState#265#269,TP,3,,,
10_so/151777_0.java_method#1#12,darshakframework/darshak/src/com/darshak/TestActivity.java_onSaveInstanceState#95#99,TP,3,,,
10_so/151777_0.java_method#1#12,TrevorEdwards/bigredapp-android/app/src/main/java/is/genki/bigredapp/android/MainActivity.java_onSaveInstanceState#237#244,TP,3,,,
10_so/151777_0.java_method#1#12,albinmathew/PhotoCrop/app/src/main/java/com/albinmathew/samples/photocrop/ImageCropActivity.java_onSaveInstanceState#265#269,TP,3,,,
10_so/151777_0.java_method#1#12,owncloud/android/src/com/owncloud/android/ui/fragment/ExtendedListFragment.java_onSaveInstanceState#222#233,TP,3,,,
10_so/151777_0.java_method#1#12,darshakframework/darshak/src/com/darshak/MainActivity.java_onSaveInstanceState#173#178,TP,3,,,
10_so/151777_0.java_method#1#12,ankidroid/Anki-Android/AnkiDroid/src/main/java/com/ichi2/anki/DeckPicker.java_onSaveInstanceState#728#732,TP,3,,,
10_so/151777_0.java_method#1#12,DrKein/ImageSelectHelperActivity/src/com/kein/imageselector/ImageSelectHelperActivity.java_onSaveInstanceState#46#57,TP,3,,,
10_so/151777_0.java_method#1#12,donnemartin/notes/src/main/java/com/donnemartin/android/notes/notes/NoteFragment.java_onSaveInstanceState#334#337,TP,3,,,
10_so/151777_0.java_method#1#12,ccrama/Slide-RSS/app/src/main/java/me/ccrama/rssslide/Activities/MainActivity.java_onSaveInstanceState#242#245,TP,3,,,
10_so/151777_0.java_method#1#12,TeamNewPipe/NewPipe/app/src/main/java/org/schabi/newpipe/player/old/PlayVideoActivity.java_onSaveInstanceState#245#250,TP,3,,,
10_so/151777_0.java_method#1#12,ccrama/Slide-RSS/app/src/main/java/me/ccrama/rssslide/Fragments/SearchFragment.java_onCreate#251#260,FP,,,,
10_so/151777_0.java_method#1#12,jMonkeyEngine/jmonkeyengine/jme3-android-examples/src/main/java/org/jmonkeyengine/jme3androidexamples/MainActivity.java_onSaveInstanceState#324#344,TP,3,,,
10_so/151777_0.java_method#1#12,googlesamples/android-play-location/LocationAddress/app/src/main/java/com/google/android/gms/location/sample/locationaddress/MainActivity.java_onSaveInstanceState#265#273,TP,3,,,
10_so/151777_0.java_method#1#12,JeroenMols/LandscapeVideoCamera/library/src/main/java/com/jmolsmobile/landscapevideocapture/VideoCaptureActivity.java_onSaveInstanceState#197#202,TP,3,,,
10_so/151777_0.java_method#1#12,ralfgehrer/AndroidCameraUtil/sample/src/de/ecotastic/android/camerautil/sample/CameraIntentFragment.java_onSaveInstanceState#102#106,TP,3,,,
10_so/151777_0.java_method#1#12,nbarishok/RxMvpAndroid/app/src/main/java/com/onemanparty/rxmvpandroid/weather/view/WeatherFragment.java_onSaveInstanceState#83#87,TP,3,,,
10_so/151777_0.java_method#1#12,nbarishok/RxMvpAndroid/app/src/main/java/com/onemanparty/rxmvpandroid/core/persistence/ComponentManagerFragment.java_onSaveInstanceState#51#55,TP,3,,,
10_so/151777_0.java_method#1#12,cricklet/Android-PanesLibrary/library/src/com/mapsaurus/paneslayout/PanesActivity.java_onSaveInstanceState#16#21,TP,3,,,
10_so/160970_0.java_method#1#5,apache/tomcat/java/org/apache/jasper/runtime/ProtectedFunctionMapper.java_mapFunction#79#97,TP,3,,,
10_so/160970_0.java_method#1#5,gephi/gephi/modules/DesktopExport/src/main/java/org/gephi/desktop/io/export/api/TopDialog.java_attachActionListener#254#288,TP,3,,,
10_so/160970_0.java_method#1#5,me-no-dev/EspExceptionDecoder/src/EspExceptionDecoder.java_getBuildFolderPath#156#195,TP,3,,,
10_so/160970_0.java_method#1#5,tr7zw/Item-NBT-API/item-nbt-api/src/main/java/de/tr7zw/itemnbtapi/NBTReflectionUtil.java_parseNBT#213#225,TP,3,,,
10_so/160970_0.java_method#1#5,Fabricio20/HubBasics/HubBasics-Spigot/src/main/java/net/notfab/hubbasics/nms/nbt/NBTReflectionUtils.java_getNBTTagCompound#79#90,TP,3,,,
10_so/160970_0.java_method#1#5,panterch/org.vaadin.mvp/org.vaadin.mvp.common/src/main/java/org/vaadin/mvp/eventbus/EventBusHandler.java_lookupMethodOnParent#120#130,TP,3,,,
10_so/160970_0.java_method#1#5,apache/hadoop/hadoop-common-project/hadoop-common/src/main/java/org/apache/hadoop/ipc/ProtocolProxy.java_isMethodSupported#94#116,TP,3,,,
10_so/160970_0.java_method#1#5,mgonto/jpa-passive-logging-example/app/models/observer/AuditableModelListener.java_getMethod#165#177,TP,3,,,
10_so/160970_0.java_method#1#5,Comdex/Cozy/src/com/reflectsky/cozy/core/OrmManager.java_NewOrm#251#296,TP,3,,,
10_so/160970_0.java_method#1#5,sarxos/secure-tokens/src/main/java/com/github/sarxos/securetoken/impl/Reflector.java_invoke#78#88,TP,3,,,
10_so/160970_0.java_method#1#5,junicorn/mario/src/main/java/com/junicorn/mario/Mario.java_addRoute#91#101,TP,3,,,
10_so/160970_0.java_method#1#5,apache/hbase/hbase-mapreduce/src/main/java/org/apache/hadoop/hbase/mapreduce/TableRecordReaderImpl.java_retrieveGetCounterWithStringsParams#104#116,TP,3,,,
10_so/160970_0.java_method#1#5,biezhi/blade/src/main/java/com/blade/mvc/ui/template/BladeTemplate.java_getMethodOrGetter#289#304,TP,3,,,
10_so/160970_0.java_method#1#5,todoroo/astrid/astrid/src/com/todoroo/astrid/billing/PurchaseObserver.java_initCompatibilityLayer#104#113,TP,3,,,
10_so/160970_0.java_method#1#5,jiro-aqua/Jota-Text-Editor-old/src/jp/sblo/pandora/billing/PurchaseObserver.java_initCompatibilityLayer#104#113,TP,3,,,
10_so/160970_0.java_method#1#5,apache/tomcat/java/org/apache/jasper/runtime/ProtectedFunctionMapper.java_getMapForFunction#116#134,TP,3,,,
10_so/160970_0.java_method#1#5,youxijishu/DaoDiZhu-java/QiPai/common-utils/src/main/java/com/common/utils/ReflectUtil.java_setValue#86#96,TP,3,,,
10_so/160970_0.java_method#1#5,dgrunwald/arden2bytecode/src/arden/compiler/ExpressionCompiler.java_invokeLoadedBinaryOperator#130#139,TP,3,,,
10_so/160970_0.java_method#1#5,apache/tomcat/test/org/apache/el/TesterFunctions.java_resolveFunction#64#108,TP,3,,,
10_so/160970_0.java_method#1#5,apsun/NekoSMS/src/com/crossbowffs/nekosms/utils/ReflectionUtils.java_getMethod#67#76,TP,3,,,
10_so/333363_1.java_method#1#2,Arnauld/tzatziki/tzatziki-core/src/test/java/tzatziki/analysis/exec/tag/TagViewTest.java_loadSample#33#36,TP,2,,,
10_so/333363_1.java_method#1#2,Arnauld/tzatziki/tzatziki-core/src/test/java/tzatziki/analysis/exec/ExecutionFilterTest.java_loadSample#86#89,TP,2,,,
10_so/333363_1.java_method#1#2,gocd/gocd/jetty9/src/com/thoughtworks/go/server/JettyCustomErrorPageHandler.java_JettyCustomErrorPageHandler#35#39,TP,3,,,
10_so/333363_1.java_method#1#2,manekinekko/angular2-springboot-engine/src/main/java/io/angular/universal/io/angular/universal/engine/RequireModule.java_read#60#63,TP,3,,,
10_so/333363_1.java_method#1#2,manekinekko/angular2-springboot-engine/src/main/java/io/angular/universal/io/angular/universal/engine/Engine.java_read#148#151,TP,3,,,
10_so/333363_1.java_method#1#2,dasniko/ozark-react/src/main/java/dasniko/ozark/react/NashornPoolFactory.java_read#70#73,TP,3,,,
10_so/333363_1.java_method#1#2,Arnauld/tzatziki/tzatziki-pdf/src/test/java/tzatziki/pdf/support/PdfReportTest.java_loadSample#172#175,TP,2,,,
10_so/333363_1.java_method#1#2,Arnauld/tzatziki/tzatziki-pdf/src/test/java/tzatziki/pdf/support/DefaultPdfReportBuilderTest.java_loadSample#55#58,TP,2,,,
10_so/333363_1.java_method#1#2,rquast/swingsane/src/main/java/com/swingsane/gui/dialog/AboutDialog.java_loadNoticeFile#224#232,TP,2,,,
10_so/333363_1.java_method#1#2,facebook/buck/test/com/facebook/buck/ddplist/DdPlistTest.java_testXMLWriting#38#45,TP,2,,,
10_so/333363_1.java_method#1#2,liquibase/liquibase/liquibase-core/src/test/java/liquibase/util/StreamUtilTest.java_testContentLength#76#87,TP,2,,,
10_so/333363_1.java_method#1#2,jprante/elasticsearch-jdbc/src/test/java/org/xbib/elasticsearch/jdbc/strategy/standard/AbstractSinkTest.java_createContext#136#147,TP,2,,,
10_so/333363_1.java_method#1#2,d6y/sloppy/src/main/java/com/dallaway/sloppy/ReleaseInfo.java_getBuildNumber#44#62,TP,2,,,
10_so/333363_1.java_method#1#2,jrfaller/gumtree/samples/java/cvsvintage/Install_1.9_1.10_v1.java_Install#56#72,TP,2,,,
10_so/333363_1.java_method#1#2,jrfaller/gumtree/samples/java/cvsvintage/Install_1.9_1.10_v0.java_Install#56#72,TP,2,,,
10_so/333363_1.java_method#1#2,jprante/elasticsearch-jdbc/src/test/java/org/xbib/elasticsearch/jdbc/strategy/column/AbstractColumnStrategyTest.java_createSettings#119#130,TP,2,,,
10_so/333363_1.java_method#1#2,google/gtfs-realtime-bindings/java/src/test/java/com/google/transit/realtime/GtfsRealtimeTest.java_testParseFrom#34#42,TP,2,,,
10_so/333363_1.java_method#1#2,mokiat/java-data-front/src/test/java/com/mokiat/data/front/test/WFResourceFixture.java_getResource#95#101,TP,2,,,
10_so/333363_1.java_method#1#2,aosp-mirror/platform_frameworks_base/wifi/tests/src/android/net/wifi/hotspot2/omadm/PpsMoParserTest.java_loadResourceFile#71#81,TP,3,,,
10_so/333363_1.java_method#1#2,aosp-mirror/platform_frameworks_base/wifi/tests/src/android/net/wifi/hotspot2/ConfigParserTest.java_loadResourceFile#64#74,TP,3,,,
10_so/333363_0.java_method#1#4,lizhangqu/PriorityOkHttp/okcurl/src/main/java/okhttp3/curl/Main.java_versionString#69#79,TP,3,,,
10_so/333363_0.java_method#1#4,sandflow/regxmllib/regxmllib/src/main/java/com/sandflow/smpte/tools/BuildVersionSingleton.java_BuildVersionSingleton#54#79,TP,3,,,
10_so/333363_0.java_method#1#4,ifzm/SSM/src/main/java/com/cn/util/CommUtil.java_readProperties#111#121,TP,3,,,
10_so/333363_0.java_method#1#4,ifzm/SSM/src/test/java/ssm/Test.java_main#69#83,TP,3,* flipped code statements,,
10_so/333363_0.java_method#1#4,takeseem/diamond/diamond-utils/src/main/java/com/taobao/diamond/utils/ResourceUtils.java_getResourceAsProperties#132#140,TP,3,,,
10_so/333363_0.java_method#1#4,takeseem/diamond/diamond-utils/src/main/java/com/taobao/diamond/utils/ResourceUtils.java_getResourceAsProperties#155#163,TP,3,,,
10_so/333363_0.java_method#1#4,takeseem/diamond/diamond-sdk/src/main/java/com/taobao/diamond/util/ResourceUtils.java_getResourceAsProperties#132#140,TP,3,,,
10_so/333363_0.java_method#1#4,takeseem/diamond/diamond-sdk/src/main/java/com/taobao/diamond/util/ResourceUtils.java_getResourceAsProperties#155#163,TP,3,,,
10_so/333363_0.java_method#1#4,melin/tp.diamond/tp.diamond-utils/src/main/java/com/starit/diamond/utils/ResourceUtils.java_getResourceAsProperties#132#140,TP,3,,,
10_so/333363_0.java_method#1#4,melin/tp.diamond/tp.diamond-utils/src/main/java/com/starit/diamond/utils/ResourceUtils.java_getResourceAsProperties#155#163,TP,3,,,
10_so/333363_0.java_method#1#4,killme2008/Metamorphosis/metamorphosis-commons/src/main/java/com/taobao/metamorphosis/utils/ResourceUtils.java_getResourceAsProperties#152#160,TP,3,,,
10_so/333363_0.java_method#1#4,killme2008/Metamorphosis/metamorphosis-commons/src/main/java/com/taobao/metamorphosis/utils/ResourceUtils.java_getResourceAsProperties#175#183,TP,3,,,
10_so/333363_0.java_method#1#4,OrsonEx/tool/src/main/java/com/rambo/tools/Resources.java_getResourceAsProperties#65#73,TP,3,,,
10_so/333363_0.java_method#1#4,OrsonEx/tool/src/main/java/com/rambo/tools/Resources.java_getResourceAsProperties#76#84,TP,3,,,
10_so/333363_0.java_method#1#4,apache/ignite/modules/aop/src/test/java/org/test/gridify/ExternalAopTarget.java_getResource#118#133,TP,3,,,
10_so/333363_0.java_method#1#4,apache/ignite/modules/aop/src/test/java/org/apache/ignite/gridify/TestAopTarget.java_getResource#122#137,TP,3,,,
10_so/333363_0.java_method#1#4,d6y/sloppy/src/main/java/com/dallaway/sloppy/ReleaseInfo.java_getBuildNumber#44#62,TP,3,,,
10_so/333363_0.java_method#1#4,jadetang/maliang/src/main/java/github/jadetang/maliang/resource/Resources.java_getResourceAsProperties#127#133,TP,2,,,
10_so/333363_0.java_method#1#4,jadetang/maliang/src/main/java/github/jadetang/maliang/resource/Resources.java_getResourceAsProperties#143#149,TP,3,,,
10_so/333363_0.java_method#1#4,OrsonEx/tool/src/main/java/com/rambo/tools/Resources.java_getUrlAsProperties#126#134,TP,3,,,
10_so/41107_0.java_nextString#11#15,milinda/samza-sql/samza-sql-benchmarks/src/main/java/org/apache/samza/sql/bench/utils/RandomString.java_nextString#47#51,TP,1,,,
10_so/41107_0.java_nextString#11#15,iweizime/StepChanger/app/src/test/java/me/iweizi/stepchanger/RandomString.java_nextString#55#59,TP,1,,,
10_so/41107_0.java_nextString#11#15,badalb/spring-security-oauth2-javaconfig/oauth2-services/src/main/java/com/test/service/security/AccessHMACKeyGeneratorServiceImpl.java_generateAccessKey#36#40,TP,3,,,
10_so/41107_0.java_nextString#11#15,twitter/heron/storm-compatibility-examples/src/java/org/apache/storm/examples/WordCountTopology.java_nextString#83#89,TP,1,,,
10_so/41107_0.java_nextString#11#15,twitter/heron/storm-compatibility-examples/src/java/org/apache/storm/examples/SentenceWordCountTopology.java_nextString#70#76,TP,1,,,
10_so/41107_0.java_nextString#11#15,twitter/heron/examples/src/java/com/twitter/heron/examples/api/WordCountTopology.java_nextString#80#86,TP,1,,,
10_so/41107_0.java_nextString#11#15,twitter/heron/examples/src/java/com/twitter/heron/examples/api/StatefulWordCountTopology.java_nextString#85#91,TP,1,,,
10_so/41107_0.java_nextString#11#15,twitter/heron/examples/src/java/com/twitter/heron/examples/api/SentenceWordCountTopology.java_nextString#67#73,TP,1,,,
10_so/41107_0.java_nextString#11#15,knightliao/apollo/src/main/java/com/github/knightliao/apollo/utils/random/RandomString.java_nextString#37#42,TP,1,,,
10_so/41107_0.java_nextString#11#15,alibaba/jstorm/jstorm-utility/performance-test/heron/src/main/java/com/alibaba/jstorm/performance/test/WordCountTopology.java_nextString#80#86,TP,1,,,
10_so/41107_0.java_nextString#11#15,vitalidze/chromecast-java-api-v2/src/main/java/su/litvak/chromecast/api/v2/RandomString.java_nextString#48#53,TP,1,,,
10_so/41107_0.java_nextString#11#15,maxgarfinkel/suffixTree/src/main/java/com/maxgarfinkel/suffixTree/SuffixTreePerformanceTest.java_nextString#152#157,TP,3,,,
10_so/41107_0.java_nextString#11#15,b3log/solo/src/main/java/org/b3log/solo/util/Randoms.java_nextString#92#97,TP,3,,,
10_so/41107_0.java_nextString#11#15,onyxbits/raccoon4/src/main/java/de/onyxbits/raccoon/net/HashStore.java_nextKey#66#72,TP,3,,,
10_so/41107_0.java_nextString#11#15,android10/Android-ReactiveProgramming/app/src/main/java/com/fernandocejas/android10/rx/sample/data/StringGenerator.java_nextString#61#66,TP,3,,,
10_so/41107_0.java_nextString#11#15,hwinkler/itext2/core/com/lowagie/text/pdf/codec/TIFFFaxDecoder.java_reverseBits#599#602,FP,,,,
10_so/41107_0.java_nextString#11#15,raphw/byte-buddy/byte-buddy-dep/src/main/java/net/bytebuddy/utility/RandomString.java_nextString#114#120,TP,3,,,
10_so/41107_0.java_nextString#11#15,h2oai/h2o-3/h2o-algos/src/main/java/hex/glm/ComputationState.java_mergeRow#581#592,FP,,,,
10_so/41107_0.java_nextString#11#15,h2oai/h2o-3/h2o-algos/src/main/java/hex/tree/gbm/GBM.java_postGlobal#885#889,FP,,,,
10_so/41107_0.java_nextString#11#15,h2oai/h2o-2/src/main/java/hex/ConfusionMatrix.java_reComputeErrors#94#98,FP,,,,
10_so/41107_0.java_RandomString#31#37,iweizime/StepChanger/app/src/test/java/me/iweizi/stepchanger/RandomString.java_RandomString#23#29,TP,1,,,
10_so/41107_0.java_RandomString#31#37,sr178-module/game-server/src/main/java/com/sr178/game/server/http/IntArrayList.java_IntArrayList#30#36,FP,,,,
10_so/41107_0.java_RandomString#31#37,tomgibara/bits/src/main/java/com/tomgibara/bits/BitVector.java_BitVector#352#360,FP,,,,
10_so/41107_0.java_RandomString#31#37,xamarin/XobotOS/android/upstream/java/util/concurrent/PriorityBlockingQueue.java_PriorityBlockingQueue#178#186,FP,,,,
10_so/41107_0.java_RandomString#31#37,robovm/robovm/rt/libcore/luni/src/main/java/java/util/concurrent/PriorityBlockingQueue.java_PriorityBlockingQueue#180#188,FP,,,,
10_so/41107_0.java_RandomString#31#37,knightliao/apollo/src/main/java/com/github/knightliao/apollo/utils/random/RandomString.java_RandomString#30#35,TP,3,,,
10_so/41107_0.java_RandomString#31#37,robovm/robovm/rt/external/okhttp/src/main/java/com/squareup/okhttp/internal/FaultRecoveringOutputStream.java_FaultRecoveringOutputStream#47#52,FP,,,,
10_so/41107_0.java_RandomString#31#37,Wizcorp/phonegap-facebook-plugin/platforms/android/CordovaLib/src/com/squareup/okhttp/internal/FaultRecoveringOutputStream.java_FaultRecoveringOutputStream#47#52,FP,,,,
10_so/41107_0.java_RandomString#31#37,subchen/jetbrick-commons/src/main/java/jetbrick/io/stream/UnsafeByteArrayOutputStream.java_UnsafeByteArrayOutputStream#41#44,FP,,,,
10_so/41107_0.java_RandomString#31#37,apache/flink/flink-core/src/test/java/org/apache/flink/api/java/typeutils/runtime/TestDataOutputSerializer.java_TestDataOutputSerializer#46#54,FP,,,,
10_so/41107_0.java_RandomString#31#37,twitter/heron/storm-compatibility-examples/src/java/org/apache/storm/examples/WordCountTopology.java_RandomString#64#81,TP,4,,,
10_so/41107_0.java_RandomString#31#37,twitter/heron/storm-compatibility-examples/src/java/org/apache/storm/examples/SentenceWordCountTopology.java_RandomString#51#68,TP,4,,,
10_so/41107_0.java_RandomString#31#37,twitter/heron/examples/src/java/com/twitter/heron/examples/api/WordCountTopology.java_RandomString#61#78,TP,4,,,
10_so/41107_0.java_RandomString#31#37,twitter/heron/examples/src/java/com/twitter/heron/examples/api/StatefulWordCountTopology.java_RandomString#66#83,TP,4,,,
10_so/41107_0.java_RandomString#31#37,twitter/heron/examples/src/java/com/twitter/heron/examples/api/SentenceWordCountTopology.java_RandomString#48#65,TP,4,,,
10_so/41107_0.java_RandomString#31#37,alibaba/jstorm/jstorm-utility/performance-test/heron/src/main/java/com/alibaba/jstorm/performance/test/WordCountTopology.java_RandomString#61#78,TP,4,,,
10_so/41107_0.java_RandomString#31#37,wuzheng4android/QingTingDecompile/QingTingFanBianYi/src/fm/qingting/async/http/libcore/StrictLineReader.java_StrictLineReader#30#42,FP,,,,
10_so/41107_0.java_RandomString#31#37,mvpleung/QingTingRadio/QingTingFM/src/fm/qingting/async/http/libcore/StrictLineReader.java_StrictLineReader#30#42,FP,,,,
10_so/41107_0.java_RandomString#31#37,cnzx219/QingTingCheat/src/fm/qingting/async/http/libcore/StrictLineReader.java_StrictLineReader#30#42,FP,,,,
10_so/41107_0.java_RandomString#31#37,vitalidze/chromecast-java-api-v2/src/main/java/su/litvak/chromecast/api/v2/RandomString.java_RandomString#41#46,TP,3,,,
10_so/41107_0.java_RandomString#42#44,iweizime/StepChanger/app/src/test/java/me/iweizi/stepchanger/RandomString.java_RandomString#34#36,TP,3,,,
10_so/41107_0.java_RandomString#42#44,google/ExoPlayer/library/core/src/main/java/com/google/android/exoplayer2/source/ShuffleOrder.java_DefaultShuffleOrder#56#58,FP,,,,
10_so/41107_0.java_RandomString#42#44,pdudits/soundlibs/tritonus-cvs/src/classes/org/tritonus/lowlevel/dsp/PinkNoise.java_PinkNoise#77#80,FP,,,,
10_so/41107_0.java_RandomString#42#44,deeplearning4j/deeplearning4j/deeplearning4j-core/src/main/java/org/deeplearning4j/datasets/iterator/impl/LFWDataSetIterator.java_LFWDataSetIterator#79#82,FP,,,,
10_so/41107_0.java_RandomString#42#44,deeplearning4j/deeplearning4j/deeplearning4j-core/src/main/java/org/deeplearning4j/datasets/iterator/impl/LFWDataSetIterator.java_LFWDataSetIterator#72#76,FP,,,,
10_so/41107_0.java_RandomString#42#44,nurkiewicz/async-retry/src/main/java/com/nurkiewicz/asyncretry/backoff/UniformRandomBackoff.java_UniformRandomBackoff#22#24,FP,,,,
10_so/41107_0.java_RandomString#42#44,nurkiewicz/async-retry/src/main/java/com/nurkiewicz/asyncretry/backoff/ProportionalRandomBackoff.java_ProportionalRandomBackoff#22#24,FP,,,,
10_so/41107_0.java_RandomString#42#44,stanfordnlp/CoreNLP/src/edu/stanford/nlp/util/Filters.java_RandomFilter#307#310,FP,,,,
10_so/41107_0.java_RandomString#42#44,apache/lucene-solr/lucene/facet/src/test/org/apache/lucene/facet/SlowRAMDirectory.java_SlowRAMDirectory#43#46,FP,,,,
10_so/41107_0.java_RandomString#42#44,addthis/stream-lib/src/main/java/com/clearspring/analytics/stream/quantile/TDigest.java_TDigest#71#74,FP,,,,
10_so/41107_0.java_RandomString#42#44,iweizime/StepChanger/app/src/test/java/me/iweizi/stepchanger/RandomString.java_RandomString#41#43,TP,3,,,
10_so/41107_0.java_RandomString#42#44,orientechnologies/orientdb/tests/src/test/java/com/orientechnologies/orient/test/database/auto/PoolTest.java_Acquirer#53#56,FP,,,,
10_so/41107_0.java_RandomString#42#44,h2oai/h2o-3/h2o-core/src/main/java/hex/createframe/postprocess/MissingInserterCfps.java_InsertNAs#50#53,FP,,,,
10_so/41107_0.java_RandomString#42#44,google/ExoPlayer/testutils/src/main/java/com/google/android/exoplayer2/testutil/TestUtil.java_buildTestData#79#83,FP,,,,
10_so/41107_0.java_RandomString#42#44,dwdyer/zeitgeist/core/src/java/main/org/uncommons/zeitgeist/Matrix.java_Matrix#45#52,FP,,,,
10_so/41107_0.java_RandomString#42#44,elastic/elasticsearch/test/framework/src/main/java/org/elasticsearch/test/disruption/SlowClusterStateProcessing.java_SlowClusterStateProcessing#46#48,FP,,,,
10_so/41107_0.java_RandomString#42#44,ScaleUnlimited/cascading.simpledb/src/main/java/com/bixolabs/simpledb/SimpleDBInputSplit.java_SimpleDBInputSplit#34#36,FP,,,,
10_so/41107_0.java_RandomString#42#44,apache/hive/ql/src/test/org/apache/hadoop/hive/ql/exec/vector/util/batchgen/VectorColumnGroupGenerator.java_generateRowValues#164#168,FP,,,,
10_so/41107_0.java_RandomString#42#44,robovm/robovm/rt/external/bouncycastle/bcprov/src/main/java/org/bouncycastle/crypto/params/DSAParameterGenerationParameters.java_DSAParameterGenerationParameters#24#31,FP,,,,
10_so/41107_0.java_RandomString#42#44,tomgibara/bits/src/main/java/com/tomgibara/bits/Bits.java_toStore#319#321,FP,,,,
10_so/41107_0.java_RandomString#49#51,iweizime/StepChanger/app/src/test/java/me/iweizi/stepchanger/RandomString.java_RandomString#41#43,TP,1,,,
10_so/41107_0.java_RandomString#49#51,google/ExoPlayer/library/core/src/main/java/com/google/android/exoplayer2/source/ShuffleOrder.java_DefaultShuffleOrder#41#43,TP,2,,,
10_so/41107_0.java_RandomString#49#51,xamarin/XobotOS/android/upstream/org/bouncycastle/crypto/params/ParametersWithRandom.java_ParametersWithRandom#21#25,TP,3,,,
10_so/41107_0.java_RandomString#49#51,wernerd/Skein3Fish/java/src/org/bouncycastle/crypto/params/ParametersWithRandom.java_ParametersWithRandom#21#25,TP,3,,,
10_so/41107_0.java_RandomString#49#51,robovm/robovm/rt/external/bouncycastle/bcprov/src/main/java/org/bouncycastle/crypto/params/ParametersWithRandom.java_ParametersWithRandom#21#25,TP,3,,,
10_so/41107_0.java_RandomString#49#51,getlantern/kaleidoscope/src/main/java/org/kaleidoscope/BasicRandomRoutingTable.java_BasicRandomRoutingTable#108#110,TP,3,,,
10_so/41107_0.java_RandomString#49#51,google/j2objc/jre_emul/android/platform/libcore/ojluni/src/main/java/java/security/AlgorithmParameterGenerator.java_init#307#309,FP,,,,
10_so/41107_0.java_RandomString#49#51,tryggvil/eucalyptus/clc/modules/www/src/edu/ucsb/eucalyptus/admin/server/BCrypt.java_gensalt#778#780,TP,3,,,
10_so/41107_0.java_RandomString#49#51,svenkubiak/jBCrypt/src/main/java/org/mindrot/jbcrypt/BCrypt.java_gensalt#739#741,TP,3,,,
10_so/41107_0.java_RandomString#49#51,spring-projects/spring-security/crypto/src/main/java/org/springframework/security/crypto/bcrypt/BCrypt.java_gensalt#639#641,TP,3,,,
10_so/41107_0.java_RandomString#49#51,rogerta/secrets-for-android/app/src/main/java/org/mindrot/jbcrypt/BCrypt.java_gensalt#731#733,TP,3,,,
10_so/41107_0.java_RandomString#49#51,rchodava/datamill/core/src/main/java/foundation/stack/datamill/security/impl/BCrypt.java_gensalt#741#743,TP,3,,,
10_so/41107_0.java_RandomString#49#51,oblac/jodd/jodd-core/src/main/java/jodd/util/crypt/BCrypt.java_gensalt#772#774,TP,3,,,
10_so/41107_0.java_RandomString#49#51,lenis0012/LoginSecurity-2/src/main/java/com/lenis0012/bukkit/loginsecurity/hashing/lib/BCryptLib.java_gensalt#739#741,TP,3,,,
10_so/41107_0.java_RandomString#49#51,jeremyh/jBCrypt/src/main/java/org/mindrot/BCrypt.java_gensalt#740#742,TP,3,,,
10_so/41107_0.java_RandomString#49#51,funcool/buddy-hashers/src/java/buddy/impl/bcrypt/BCrypt.java_gensalt#739#741,TP,3,,,
10_so/41107_0.java_RandomString#49#51,boughtonp/cfpassphrase/src/mindrot/jbcrypt/BCrypt.java_gensalt#728#730,TP,3,,,
10_so/41107_0.java_RandomString#49#51,Wolf480pl/PHPass/phpass/src/com/github/wolf480pl/phpass/BCrypt.java_gensalt#728#730,TP,3,,,
10_so/41107_0.java_RandomString#49#51,VoltDB/voltdb/third_party/java/src/org/mindrot/BCrypt.java_gensalt#739#741,TP,3,,,
10_so/41107_0.java_RandomString#49#51,Osaris31/exterminate/exterminate/core/src/com/bitfire/postprocessing/filters/Convolve1D.java_Convolve1D#50#52,FP,,,,
10_so/41107_0.java_RandomString#56#58,iweizime/StepChanger/app/src/test/java/me/iweizi/stepchanger/RandomString.java_RandomString#48#50,TP,1,,,
10_so/41107_0.java_RandomString#56#58,xsonorg/xson/src/main/java/org/xson/core/WriterModel.java_WriterModel#27#29,FP,,,,
10_so/41107_0.java_RandomString#56#58,xamarin/XobotOS/android/upstream/org/bouncycastle/jce/provider/ReasonsMask.java_ReasonsMask#27#30,FP,,,,
10_so/41107_0.java_RandomString#56#58,wildfly/wildfly/batch/extension-jberet/src/main/java/org/wildfly/extension/batch/jberet/deployment/JobOperationStepHandler.java_JobOperationStepHandler#53#55,FP,,,,
10_so/41107_0.java_RandomString#56#58,vespa-engine/vespa/searchlib/src/main/java/com/yahoo/searchlib/rankingexpression/rule/Function.java_Function#49#51,FP,,,,
10_so/41107_0.java_RandomString#56#58,vespa-engine/vespa/clustercontroller-core/src/main/java/com/yahoo/vespa/clustercontroller/core/NodeMergeStats.java_Amount#37#37,FP,,,,
10_so/41107_0.java_RandomString#56#58,tg123/leetcode/regular-expression-matching/Solution.java_State#12#14,FP,,,,
10_so/41107_0.java_RandomString#56#58,square/leakcanary/leakcanary-android/src/main/java/com/squareup/leakcanary/AndroidExcludedRefs.java_AndroidExcludedRefs#561#563,FP,,,,
10_so/41107_0.java_RandomString#56#58,spring-projects/spring-integration-java-dsl/src/main/java/org/springframework/integration/dsl/file/FileSplitterSpec.java_FileSplitterSpec#41#43,FP,,,,
10_so/41107_0.java_RandomString#56#58,sonian/elasticsearch-jetty/src/main/java/com/sonian/elasticsearch/http/filter/FilterChainManager.java_FilterChainImpl#45#47,FP,,,,
10_so/41107_0.java_RandomString#56#58,robovm/robovm/rt/external/bouncycastle/bcprov/src/main/java/org/bouncycastle/jce/provider/ReasonsMask.java_ReasonsMask#32#35,FP,,,,
10_so/41107_0.java_RandomString#56#58,quartz-scheduler/quartz/terracotta/bootstrap/src/main/java/org/terracotta/quartz/collections/SerializationHelper.java_StringSerializedObjectOutputStream#86#88,FP,,,,
10_so/41107_0.java_RandomString#56#58,osglworks/java-tool/src/main/java/org/osgl/util/StrBase.java_LstItr#1121#1121,FP,,,,
10_so/41107_0.java_RandomString#56#58,osglworks/java-tool/src/main/java/org/osgl/util/ListBuilder.java_ListBuilder#48#50,FP,,,,
10_so/41107_0.java_RandomString#56#58,osglworks/java-tool/src/main/java/org/osgl/util/ImmutableList.java_LstItr#226#226,FP,,,,
10_so/41107_0.java_RandomString#56#58,mongodb/mongo-java-driver/driver-core/src/test/unit/com/mongodb/internal/connection/ConcurrentPoolTest.java_TestItemFactory#226#228,FP,,,,
10_so/41107_0.java_RandomString#56#58,linkedin/rest.li/data/src/main/java/com/linkedin/data/codec/JacksonDataCodec.java_Parser#589#592,FP,,,,
10_so/41107_0.java_RandomString#56#58,kolorobot/unit-testing-demo/src/test/java/com/github/kolorobot/assertj/customassertion/Dice.java_Dice#13#15,FP,,,,
10_so/41107_0.java_RandomString#56#58,jitsi/jitsi/src/net/java/sip/communicator/impl/msghistory/MessageHistoryServiceImpl.java_MessageEventComparator#2573#2576,FP,,,,
10_so/41107_0.java_RandomString#56#58,hlidskialf/alarming/src/com/hlidskialf/android/alarmclock/Alarms.java_DaysOfWeek#79#81,FP,,,,
10_so/304268_0.java_method#1#7,hflabs/perecoder/rcd-distribution/izpack/src/main/java/ru/hflabs/izpack/validator/MD5Validator.java_isEquals#35#55,TP,3,,,
10_so/304268_0.java_method#1#7,OpenMods/OpenData/src/main/java/openeye/logic/ReportBuilders.java_createSignature#232#244,TP,3,,,
10_so/304268_0.java_method#1#7,Stericson/RootTools/src/main/java/com/stericson/RootTools/internal/Installer.java_getStreamSignature#243#284,TP,3,,,
10_so/304268_0.java_method#1#7,acomminos/Mountie/app/src/main/java/com/stericson/RootTools/internal/Installer.java_getStreamSignature#192#215,TP,3,,,
10_so/304268_0.java_method#1#7,camac/Swiper/org.openntf.swiper/src/org/openntf/swiper/builder/SwiperSyncListener.java_equalsHash#132#163,TP,3,,,
10_so/304268_0.java_method#1#7,camac/Swiper/org.openntf.swiper/src/org/openntf/swiper/builder/SwiperSyncListener.java_equalsHash#165#189,TP,3,,,
10_so/304268_0.java_method#1#7,Asprise/java-scanner-access-twain/src/main/java/com/asprise/imaging/core/util/system/Utils.java_getMd5#334#358,TP,3,,,
10_so/304268_0.java_method#1#7,gitblit/gitblit/src/main/java/com/gitblit/manager/PluginManager.java_download#441#513,TP,3,,,
10_so/304268_0.java_method#1#7,routerkeygen/thomsonDicGenerator/src/org/exobel/routerkeygen/thomsonGenerator/Stage5.java_main#11#36,TP,3,,,
10_so/304268_0.java_method#1#7,SAP/yaas_java_jersey_wishlist/src/test/java/com/sap/wishlist/api/generated/DefaultWishlistsResourceTest.java_computeMD5ChecksumForInputStream#390#412,TP,3,,,
10_so/304268_0.java_method#1#7,robovm/robovm/tests/libcore/luni/src/test/java/org/apache/harmony/security/tests/java/security/DigestInputStreamTest.java_testOn#523#556,TP,3,,,
10_so/304268_0.java_method#1#7,google/j2objc/jre_emul/android/platform/libcore/luni/src/test/java/org/apache/harmony/security/tests/java/security/DigestInputStreamTest.java_testOn#523#556,TP,3,,,
10_so/304268_0.java_method#1#7,aliyun/aliyun-tablestore-java-sdk/src/test/java/com/aliyun/openservices/ots/utils/StreamUtils.java_calculateMD5#38#53,TP,3,,,
10_so/304268_0.java_method#1#7,gocd/gocd/test-utils/src/com/thoughtworks/go/agent/testhelper/FakeGoServer.java_getMd5#56#66,TP,3,,,
10_so/304268_0.java_method#1#7,robovm/robovm/tests/libcore/luni/src/test/java/org/apache/harmony/security/tests/java/security/DigestInputStreamTest.java_testReadbyteArrayintint01#291#314,TP,3,,,
10_so/304268_0.java_method#1#7,google/j2objc/jre_emul/android/platform/libcore/luni/src/test/java/org/apache/harmony/security/tests/java/security/DigestInputStreamTest.java_testReadbyteArrayintint01#291#314,TP,3,,,
10_so/304268_0.java_method#1#7,vongosling/dependency-mediator/dependency-mediator-core/src/main/java/com/creative/studio/component/dependency/DependencyMediator.java_getDigest#273#296,TP,3,,,
10_so/304268_0.java_method#1#7,robovm/robovm/tests/libcore/luni/src/test/java/org/apache/harmony/security/tests/java/security/DigestInputStreamTest.java_testToString#562#576,TP,3,,,
10_so/304268_0.java_method#1#7,google/j2objc/jre_emul/android/platform/libcore/luni/src/test/java/org/apache/harmony/security/tests/java/security/DigestInputStreamTest.java_testToString#562#576,TP,3,,,
10_so/304268_0.java_method#1#7,eclipse/jetty.project/jetty-websocket/websocket-common/src/test/java/org/eclipse/jetty/websocket/common/util/Sha1Sum.java_calculate#75#85,TP,3,,,
10_so/14617_0.java_method#1#33,ivannp/tradelib/src/main/java/net/tradelib/misc/SftpUploader.java_upload#11#29,TP,3,,,
10_so/14617_0.java_method#1#33,rtyley/jsch/examples/Compression.java_main#7#46,TP,3,,,
10_so/14617_0.java_method#1#33,rtyley/jsch/examples/AES.java_main#7#49,TP,3,,,
10_so/14617_0.java_method#1#33,deeplearning4j/deeplearning4j/deeplearning4j-scaleout/deeplearning4j-aws/src/main/java/org/deeplearning4j/aws/ec2/provision/HostProvisioner.java_mkDir#167#178,TP,3,,,
10_so/14617_0.java_method#1#33,rtyley/jsch/examples/Subsystem.java_main#7#66,TP,3,,,
10_so/14617_0.java_method#1#33,rtyley/jsch/examples/Exec.java_main#8#83,TP,3,,,
10_so/14617_0.java_method#1#33,rtyley/jsch/examples/UserAuthKI.java_main#7#41,TP,3,,,
10_so/14617_0.java_method#1#33,rtyley/jsch/examples/Logger.java_main#7#43,TP,3,,,
10_so/14617_0.java_method#1#33,rtyley/jsch/examples/ViaSOCKS5.java_main#7#52,TP,3,,,
10_so/14617_0.java_method#1#33,rtyley/jsch/examples/ViaHTTP.java_main#7#52,TP,3,,,
10_so/14617_0.java_method#1#33,rtyley/jsch/examples/X11Forwarding.java_main#7#54,TP,3,,,
10_so/14617_0.java_method#1#33,rtyley/jsch/examples/ScpToNoneCipher.java_main#8#93,TP,3,,,
10_so/14617_0.java_method#1#33,jcraft/jcterm/src/main/java/com/jcraft/jcterm/JCTermJ2MECDC.java_run#168#282,TP,3,,,
10_so/14617_0.java_method#1#33,rtyley/jsch/examples/StreamForwarding.java_main#7#49,TP,3,,,
10_so/14617_0.java_method#1#33,alibaba/jstorm/jstorm-on-yarn/src/main/java/com/alibaba/jstorm/yarn/utils/Exec.java_execute#40#80,TP,3,,,
10_so/14617_0.java_method#1#33,love-somnus/J2SE/src/main/java/com/somnus/connect/SFTPClientHelper.java_login#85#111,TP,3,,,
10_so/14617_0.java_method#1#33,rtyley/jsch/examples/Shell.java_main#7#72,TP,3,,,
10_so/14617_0.java_method#1#33,rtyley/jsch/examples/UserAuthPubKey.java_main#7#53,TP,3,,,
10_so/14617_0.java_method#1#33,Stratio/bdt/src/main/java/com/stratio/qa/utils/RemoteSSHConnection.java_RemoteSSHConnection#41#64,TP,3,,,
10_so/14617_0.java_method#1#33,alibaba/jstorm/jstorm-on-yarn/src/main/java/com/alibaba/jstorm/yarn/utils/Exec.java_main#82#135,TP,3,,,