3341975_0.java,1,12,hsqldb-2/hsqldb-2.0.0/hsqldb/src/org/hsqldb/test/TestBench.java,232,394,None,None
3341975_0.java,1,12,hsqldb-2/hsqldb-2.0.0/hsqldb/src/org/hsqldb/test/JDBCBench.java,266,513,None,None
4781746_0.java,1,14,spring-framework-3.0.5/spring-framework-3.0.5.RELEASE/projects/org.springframework.web.servlet/src/main/java/org/springframework/web/servlet/DispatcherServlet.java,95,104,None,None
4083418_0.java,1,28,apache-log4j-1.2.16/apache-log4j-1.2.16/src/main/java/org/apache/log4j/DailyRollingFileAppender.java,105,132,None,None
10292516_0.java,40,67,iReport-3/iReport-3.7.5-src/ireport-standalone-specific/src/com/jaspersoft/ireport/designer/standalone/actions/ImportSettingsStatusJDialog.java,16,53,None,None
10292516_0.java,40,67,iReport-3/iReport-3.7.5-src/jasperreports-components/src/com/jaspersoft/ireport/components/barcode/BarcodeChooserDialog.java,149,265,None,None
16930707_0.java,22,37,hibernate-release-4/hibernate-release-4.2.2.Final/project/hibernate-envers/src/test/java/org/hibernate/envers/test/integration/basic/RegisterUserEventListenersTest.java,21,35,None,None
16930707_0.java,41,59,hibernate-release-4/hibernate-release-4.2.2.Final/project/hibernate-envers/src/test/java/org/hibernate/envers/test/integration/basic/RegisterUserEventListenersTest.java,39,53,None,None
14673198_1.java,3,13,struts2-2.2.1-all/struts-2.2.1/src/xwork-core/src/main/java/com/opensymphony/xwork2/util/classloader/JarResourceStore.java,33,43,None,None
24963319_3.java,1,17,geotools-2/geotools-2.7-M3/modules/unsupported/swing/src/main/java/org/jdesktop/swingworker/SwingWorker.java,63,79,None,None
16630078_0.java,1,11,netbeans-6.9.1-201007282301/terminal/src/org/netbeans/modules/terminal/ioprovider/Terminal.java,520,549,None,None
16630078_0.java,1,11,netbeans-6.9.1-201007282301/bugtracking/src/org/netbeans/modules/bugtracking/util/RepositoryComboSupport.java,296,322,None,None
16630078_0.java,1,11,netbeans-6.9.1-201007282301/bugtracking/src/org/netbeans/modules/bugtracking/util/RepositoryComboSupport.java,181,214,None,None
16630078_0.java,1,11,netbeans-6.9.1-201007282301/editor.lib/src/org/netbeans/editor/GlyphGutter.java,562,595,None,None
16630078_0.java,1,11,netbeans-6.9.1-201007282301/projectui/src/org/netbeans/modules/project/ui/actions/ActiveConfigAction.java,76,117,None,None
16630078_0.java,1,11,netbeans-6.9.1-201007282301/form/src/org/netbeans/modules/form/ComboBoxWithTree.java,21,65,None,None
23397256_0.java,67,80,netbeans-6.9.1-201007282301/options.keymap/src/org/netbeans/modules/options/keymap/ShortcutCellPanel.java,92,125,None,None
5334562_1.java,3,13,netbeans-6.9.1-201007282301/db.dataview/src/org/netbeans/modules/db/dataview/table/ResultSetCellRenderer.java,55,70,None,None
5334562_1.java,3,13,netbeans-6.9.1-201007282301/db.dataview/src/org/netbeans/modules/db/dataview/output/DataViewTableUI.java,84,105,None,None
5334562_1.java,3,13,netbeans-6.9.1-201007282301/web.project/src/org/netbeans/modules/web/project/ui/wizards/PanelSupportedFrameworksVisual.java,332,347,None,None
5334562_1.java,3,13,netbeans-6.9.1-201007282301/tasklist.ui/src/org/netbeans/modules/tasklist/ui/TaskListTable.java,572,596,None,None
5334562_1.java,3,13,netbeans-6.9.1-201007282301/openide.explorer/src/org/openide/explorer/view/OutlineView.java,1025,1035,None,None
5334562_1.java,3,13,netbeans-6.9.1-201007282301/options.keymap/src/org/netbeans/modules/options/keymap/TableSorter.java,330,345,None,None
5334562_1.java,3,13,netbeans-6.9.1-201007282301/editor.macros/src/org/netbeans/modules/editor/macros/storage/ui/TableSorter.java,289,304,None,None
5334562_1.java,3,13,netbeans-6.9.1-201007282301/cnd.asm/src/org/netbeans/modules/cnd/asm/core/ui/top/ext/TableSorter.java,314,329,None,None
5334562_1.java,3,13,hsqldb-2/hsqldb-2.0.0/hsqldb/src/org/hsqldb/util/TableSorter.java,349,363,None,None
5334562_1.java,3,13,freemind-src-0/freemind/accessories/plugins/time/TableSorter.java,308,323,None,None
5334562_1.java,3,13,netbeans-6.9.1-201007282301/openide.explorer/src/org/openide/explorer/view/TableView.java,438,449,None,None
5334562_1.java,3,13,netbeans-6.9.1-201007282301/projectimport.eclipse.core/src/org/netbeans/modules/projectimport/eclipse/core/wizard/ProjectSelectionPanel.java,90,105,None,None
11092289_1.java,26,42,iReport-3/iReport-3.7.5-src/jasperserver-plugin/src/com/jaspersoft/ireport/jasperserver/ws/IReportSSLSocketFactory.java,49,71,None,None
11092289_1.java,26,42,rssowl-2.0.5/org.rssowl.core/src/org/rssowl/core/internal/connection/EasySSLProtocolSocketFactory.java,35,50,None,None
12483877_0.java,133,155,jstock-1.0.7c/jstock/src/org/yccheok/jstock/gui/ChangeStockInfoJDialog.java,126,155,None,None
20458485_0.java,1,12,hibernate-release-4/hibernate-release-4.2.2.Final/project/documentation/src/main/docbook/devguide/en-US/extras/flush_and_clear_session.java,1,12,None,None
24647708_1.java,1,11,FitLibrary20100806/fitnesse/lib/src/fitlibrarySrc/fitlibrary/batch/resultsOut/FolderTestResultRepository.java,55,65,None,None
24647708_1.java,1,11,netbeans-6.9.1-201007282301/form/test/qa-functional/src/org/netbeans/qa/form/VisualDevelopmentUtil.java,16,26,None,None
24647708_1.java,1,11,jag-6/jag-6.1/src/com/finalist/jaggenerator/LibCopier.java,63,73,None,None
10777834_0.java,7,19,checkstyle-src-5/checkstyle-src-5.1/src/checkstyle/com/puppycrawl/tools/checkstyle/checks/javadoc/JavadocStyleCheck.java,36,50,None,None
11319346_0.java,121,142,apache-jmeter-2.9/apache-jmeter-2.9/src/jorphan/org/apache/jorphan/gui/layout/VerticalLayout.java,88,109,None,None
11319346_0.java,143,179,apache-jmeter-2.9/apache-jmeter-2.9/src/jorphan/org/apache/jorphan/gui/layout/VerticalLayout.java,33,69,None,None
6025026_0.java,70,88,jung2-2_0_1/jung-samples-2.0.1/edu/uci/ics/jung/samples/ShortestPathDemo.java,58,77,None,None
6025026_0.java,70,88,jung2-2_0_1/jung-samples-2.0.1/edu/uci/ics/jung/samples/ShortestPathDemo.java,42,82,None,None
6025026_0.java,212,233,jung2-2_0_1/jung-samples-2.0.1/edu/uci/ics/jung/samples/ShortestPathDemo.java,158,179,None,None
6025026_0.java,47,93,jung2-2_0_1/jung-samples-2.0.1/edu/uci/ics/jung/samples/ShortestPathDemo.java,42,82,None,None
16258413_0.java,140,149,batik-src-1.7/batik-1.7/sources/org/apache/batik/util/gui/MemoryMonitor.java,286,314,None,None
16429038_0.java,3,12,xalan-j_2_7_1/xalan-j_2_7_1/src/org/apache/xml/dtm/DTMException.java,25,35,None,None
20513679_0.java,103,112,iReport-3/iReport-3.7.5-src/jasperserver-plugin/src/com/jaspersoft/ireport/jasperserver/ws/IReportTrustManager.java,113,122,None,None
13460384_0.java,1,12,spring-framework-3.0.5/spring-framework-3.0.5.RELEASE/projects/org.springframework.web.servlet/src/main/java/org/springframework/web/servlet/support/WebContentGenerator.java,99,110,None,None
3029083_0.java,1,19,netbeans-6.9.1-201007282301/mobility.midpexamples/SunSamples-Demos/src/example/http/HttpExample.java,51,70,None,None
24755224_0.java,1,11,netbeans-6.9.1-201007282301/cnd.modelimpl/src/org/netbeans/modules/cnd/modelimpl/uid/LazyCsmCollection.java,115,125,None,None
2761630_0.java,1,11,hibernate-release-4/hibernate-release-4.2.2.Final/project/documentation/src/main/docbook/devguide/en-US/extras/using_a_StatelessSession.java,1,11,None,None
12427981_1.java,17,33,c-jdbc-2/c-jdbc-2.0.2-src/src/org/objectweb/cjdbc/common/util/LoggingOutputStream.java,36,52,None,None
12427981_1.java,17,33,apache-log4j-1.2.16/apache-log4j-1.2.16/contribs/JimMoore/LoggingOutputStream.java,32,48,None,None
12427981_1.java,34,50,apache-log4j-1.2.16/apache-log4j-1.2.16/contribs/JimMoore/LoggingOutputStream.java,49,65,None,None
12427981_1.java,34,50,c-jdbc-2/c-jdbc-2.0.2-src/src/org/objectweb/cjdbc/common/util/LoggingOutputStream.java,53,73,None,None
12835370_0.java,1,12,jstock-1.0.7c/jstock/src/org/yccheok/jstock/gui/Utils.java,588,599,None,None
12835370_0.java,1,12,hsqldb-2/hsqldb-2.0.0/hsqldb/src/org/hsqldb/test/HsqldbTestCase.java,11,22,None,None
12835370_0.java,1,12,heritrix-1/heritrix-1.14.4/src/java/org/archive/util/FileUtils.java,223,234,None,None
12835370_0.java,1,12,jstock-1.0.7c/jstock/src/org/yccheok/jstock/gui/Utils.java,501,515,None,None
10396359_0.java,1,35,apache-roller-4.0.1/apache-roller-src-4.0.1/tomcat/work/Catalina/localhost/roller/org/apache/jsp/WEB_002dINF/jsps/tiles/empty_jsp.java,20,54,None,None
10396359_0.java,1,35,apache-roller-4.0.1/apache-roller-src-4.0.1/tomcat/work/Catalina/localhost/roller/org/apache/jsp/WEB_002dINF/jsps/tiles/css_002dnosidebar_jsp.java,20,58,None,None
10396359_0.java,1,35,apache-roller-4.0.1/apache-roller-src-4.0.1/tomcat/work/Catalina/localhost/roller/org/apache/jsp/WEB_002dINF/jsps/tiles/css_002dsidebar_jsp.java,20,61,None,None
10396359_0.java,1,35,apache-roller-4.0.1/apache-roller-src-4.0.1/tomcat/work/Catalina/localhost/roller/org/apache/jsp/WEB_002dINF/jsps/tiles/menu_jsp.java,48,102,None,None
10396359_0.java,1,35,apache-roller-4.0.1/apache-roller-src-4.0.1/tomcat/work/Catalina/localhost/roller/org/apache/jsp/WEB_002dINF/jsps/core/MainMenu_jsp.java,72,141,None,None
10396359_0.java,1,35,apache-roller-4.0.1/apache-roller-src-4.0.1/tomcat/work/Catalina/localhost/roller/org/apache/jsp/WEB_002dINF/jsps/editor/TemplateEdit_jsp.java,84,151,None,None
10396359_0.java,1,35,apache-roller-4.0.1/apache-roller-src-4.0.1/tomcat/work/Catalina/localhost/roller/org/apache/jsp/WEB_002dINF/jsps/admin/PlanetConfig_jsp.java,45,108,None,None
10396359_0.java,1,35,apache-roller-4.0.1/apache-roller-src-4.0.1/tomcat/work/Catalina/localhost/roller/org/apache/jsp/WEB_002dINF/jsps/core/UpgradeDatabase_jsp.java,60,122,None,None
10396359_0.java,1,35,apache-roller-4.0.1/apache-roller-src-4.0.1/tomcat/work/Catalina/localhost/roller/org/apache/jsp/WEB_002dINF/jsps/admin/GlobalConfig_jsp.java,48,109,None,None
10396359_0.java,1,35,apache-roller-4.0.1/apache-roller-src-4.0.1/tomcat/work/Catalina/localhost/roller/org/apache/jsp/WEB_002dINF/jsps/editor/EntryAdd_jsp.java,90,148,None,None
10396359_0.java,1,35,apache-roller-4.0.1/apache-roller-src-4.0.1/tomcat/work/Catalina/localhost/roller/org/apache/jsp/WEB_002dINF/jsps/tiles/messages_jsp.java,36,93,None,None
10396359_0.java,1,35,apache-roller-4.0.1/apache-roller-src-4.0.1/tomcat/work/Catalina/localhost/roller/org/apache/jsp/roller_002dui/login_002dredirect_jsp.java,24,74,None,None
10396359_0.java,1,35,apache-roller-4.0.1/apache-roller-src-4.0.1/tomcat/work/Catalina/localhost/roller/org/apache/jsp/WEB_002dINF/jsps/editor/EntryEdit_jsp.java,105,175,None,None
10396359_0.java,1,35,apache-roller-4.0.1/apache-roller-src-4.0.1/tomcat/work/Catalina/localhost/roller/org/apache/jsp/WEB_002dINF/jsps/tiles/bannerInstallation_jsp.java,27,96,None,None
10396359_0.java,1,35,apache-roller-4.0.1/apache-roller-src-4.0.1/tomcat/work/Catalina/localhost/roller/org/apache/jsp/WEB_002dINF/jsps/editor/TemplatesSidebar_jsp.java,45,114,None,None
10396359_0.java,1,35,apache-roller-4.0.1/apache-roller-src-4.0.1/tomcat/work/Catalina/localhost/roller/org/apache/jsp/roller_002dui/errors/denied_jsp.java,23,99,None,None
10396359_0.java,1,35,apache-roller-4.0.1/apache-roller-src-4.0.1/tomcat/work/Catalina/localhost/roller/org/apache/jsp/WEB_002dINF/jsps/editor/Templates_jsp.java,57,153,None,None
10396359_0.java,1,35,apache-roller-4.0.1/apache-roller-src-4.0.1/tomcat/work/Catalina/localhost/roller/org/apache/jsp/WEB_002dINF/jsps/tiles/head_jsp.java,30,112,None,None
10396359_0.java,1,35,apache-roller-4.0.1/apache-roller-src-4.0.1/tomcat/work/Catalina/localhost/roller/org/apache/jsp/WEB_002dINF/jsps/tiles/footer_jsp.java,33,110,None,None
10396359_0.java,1,35,apache-roller-4.0.1/apache-roller-src-4.0.1/tomcat/work/Catalina/localhost/roller/org/apache/jsp/WEB_002dINF/jsps/tiles/head_002dajax_jsp.java,30,135,None,None
10396359_0.java,1,35,apache-roller-4.0.1/apache-roller-src-4.0.1/tomcat/work/Catalina/localhost/roller/org/apache/jsp/WEB_002dINF/jsps/core/MainMenuSidebar_jsp.java,36,129,None,None
10396359_0.java,1,35,apache-roller-4.0.1/apache-roller-src-4.0.1/tomcat/work/Catalina/localhost/roller/org/apache/jsp/WEB_002dINF/jsps/tiles/bannerStatus_jsp.java,45,152,None,None
10396359_0.java,1,35,apache-roller-4.0.1/apache-roller-src-4.0.1/tomcat/work/Catalina/localhost/roller/org/apache/jsp/roller_002dui/errors/_404_jsp.java,35,157,None,None
10396359_0.java,1,35,apache-roller-4.0.1/apache-roller-src-4.0.1/tomcat/work/Catalina/localhost/roller/org/apache/jsp/WEB_002dINF/jsps/admin/PlanetSubscriptions_jsp.java,66,202,None,None
10396359_0.java,1,35,apache-roller-4.0.1/apache-roller-src-4.0.1/tomcat/work/Catalina/localhost/roller/org/apache/jsp/WEB_002dINF/jsps/editor/EntrySidebar_jsp.java,63,193,None,None
10396359_0.java,1,35,apache-roller-4.0.1/apache-roller-src-4.0.1/tomcat/work/Catalina/localhost/roller/org/apache/jsp/WEB_002dINF/jsps/admin/PlanetGroups_jsp.java,66,186,None,None
10396359_0.java,1,35,apache-roller-4.0.1/apache-roller-src-4.0.1/tomcat/work/Catalina/localhost/roller/org/apache/jsp/WEB_002dINF/jsps/editor/ThemeEdit_jsp.java,72,195,None,None
10396359_0.java,1,35,apache-roller-4.0.1/apache-roller-src-4.0.1/tomcat/work/Catalina/localhost/roller/org/apache/jsp/WEB_002dINF/jsps/tiles/tiles_002derrorpage_jsp.java,30,140,None,None
10396359_0.java,1,35,apache-roller-4.0.1/apache-roller-src-4.0.1/tomcat/work/Catalina/localhost/roller/org/apache/jsp/WEB_002dINF/jsps/tiles/tiles_002dinstallpage_jsp.java,30,140,None,None
10396359_0.java,1,35,apache-roller-4.0.1/apache-roller-src-4.0.1/tomcat/work/Catalina/localhost/roller/org/apache/jsp/WEB_002dINF/jsps/tiles/tiles_002dtabbedpage_jsp.java,30,171,None,None
10396359_0.java,1,35,apache-roller-4.0.1/apache-roller-src-4.0.1/tomcat/work/Catalina/localhost/roller/org/apache/jsp/WEB_002dINF/jsps/tiles/tiles_002dmainmenupage_jsp.java,30,163,None,None
10396359_0.java,1,35,apache-roller-4.0.1/apache-roller-src-4.0.1/tomcat/work/Catalina/localhost/roller/org/apache/jsp/WEB_002dINF/jsps/tiles/tiles_002dsimplepage_jsp.java,30,163,None,None
10396359_0.java,1,35,apache-roller-4.0.1/apache-roller-src-4.0.1/tomcat/work/Catalina/localhost/roller/org/apache/jsp/roller_002dui/authoring/editors/editor_002dtext_jsp.java,30,146,None,None
10396359_0.java,1,35,apache-roller-4.0.1/apache-roller-src-4.0.1/tomcat/work/Catalina/localhost/roller/org/apache/jsp/WEB_002dINF/jsps/core/Login_jsp.java,33,184,None,None
23555435_0.java,11,31,netbeans-6.9.1-201007282301/css.visual/src/org/netbeans/modules/css/Utilities.java,33,51,None,None
8580765_0.java,1,12,Vuze_4812_source/org/gudy/azureus2/core3/util/ByteArrayHashMap.java,142,154,None,None
8580765_0.java,1,12,netbeans-6.9.1-201007282301/parsing.api/src/org/netbeans/modules/parsing/impl/indexing/LongHashMap.java,156,168,None,None
8580765_0.java,1,12,netbeans-6.9.1-201007282301/cnd.repository/src/org/netbeans/modules/cnd/repository/util/LongHashMap.java,156,168,None,None
7037010_0.java,1,10,apache-log4j-1.2.16/apache-log4j-1.2.16/src/main/java/org/apache/log4j/Category.java,40,56,None,None
21645699_2.java,86,108,jstock-1.0.7c/jstock/src/org/yccheok/jstock/gui/ChangeStockInfoJDialog.java,126,155,None,None
6095713_0.java,1,10,netbeans-6.9.1-201007282301/cnd.debugger.common/src/org/netbeans/modules/cnd/debugger/common/utils/IOProxy.java,112,141,None,None
6095713_0.java,1,10,eclipse_SDK/eclipse_SDK-4.3/src/src/org/eclipse/osgi/framework/internal/core/FrameworkCommandProvider.java,969,996,None,None
6095713_0.java,1,10,eclipse_SDK/eclipse_SDK-4.3/src/src/org/eclipse/jdt/apt/core/internal/util/FileSystemUtil.java,88,104,None,None
6095713_0.java,1,10,eclipse_SDK/eclipse_SDK-4.3/src/src/org/eclipse/help/internal/search/HTMLSearchParticipant.java,73,91,None,None
6095713_0.java,1,10,axion-1.0-M2-src/axion-1.0-M2/src/org/axiondb/engine/DiskDatabase.java,29,71,None,None
6095713_0.java,1,10,cayenne-3/cayenne-3.0.1-src/framework/cayenne-jpa-unpublished/src/main/java/org/apache/cayenne/jpa/JpaUnitClassLoader.java,25,52,None,None
6095713_0.java,1,10,eclipse_SDK/eclipse_SDK-4.3/src/src/org/eclipse/team/internal/ccvs/core/CVSTeamProvider.java,489,518,None,None
554324_0.java,1,10,apache-tomcat-7.0.2/apache-tomcat-7.0.2-src/java/org/apache/tomcat/util/http/fileupload/IOUtils.java,25,35,None,None
4065537_0.java,1,10,nakedobjects-4.0.0/nakedobjects-4.0.0/core/metamodel/src/main/java/org/nakedobjects/metamodel/commons/lang/IoUtils.java,9,24,None,None
25150803_0.java,35,50,netbeans-6.9.1-201007282301/spellchecker/src/org/netbeans/modules/spellchecker/options/CheckBoxRenderrer.java,22,37,None,None
25150803_0.java,35,50,netbeans-6.9.1-201007282301/java.navigation/src/org/netbeans/modules/java/stackanalyzer/AnalyserCellRenderer.java,29,44,None,None
15373186_0.java,104,113,iReport-3/iReport-3.7.5-src/jasperserver-plugin/src/com/jaspersoft/ireport/jasperserver/ws/IReportTrustManager.java,113,122,None,None
2113093_0.java,1,11,weka-3-7-9/main/java/weka/core/matrix/SingularValueDecomposition.java,354,364,None,None
5713930_0.java,1,16,hibernate-release-4/hibernate-release-4.2.2.Final/project/documentation/src/main/docbook/devguide/en-US/extras/using_scroll.java,1,16,None,None
4128529_0.java,1,10,apache-jmeter-2.9/apache-jmeter-2.9/src/protocol/http/org/apache/jmeter/protocol/http/visualizers/RequestViewHTTP.java,163,188,None,None
10901944_0.java,114,125,netbeans-6.9.1-201007282301/xml/src/org/netbeans/modules/xml/wizard/impl/SchemaPanel.java,501,511,None,None
10901944_0.java,114,125,apache-tomcat-7.0.2/apache-tomcat-7.0.2-src/test/org/apache/catalina/tribes/demos/MapDemo.java,339,352,None,None
8869781_0.java,24,42,netbeans-6.9.1-201007282301/j2ee.sun.ddui/src/org/netbeans/modules/j2ee/sun/validation/util/Utils.java,71,87,None,None
21787713_0.java,1,14,spring-framework-3.0.5/spring-framework-3.0.5.RELEASE/projects/org.springframework.web.servlet/src/main/java/org/springframework/web/servlet/DispatcherServlet.java,119,132,None,None
4369583_0.java,14,29,eclipse_SDK/eclipse_SDK-4.3/src/src/org/eclipse/swt/browser/PromptDialog.java,64,188,None,None
15990507_1.java,60,82,jstock-1.0.7c/jstock/src/org/yccheok/jstock/gui/ChangeStockInfoJDialog.java,126,155,None,None
3180085_0.java,30,39,rssowl-2.0.5/org.rssowl.ui/src/org/rssowl/ui/internal/dialogs/WebsiteListDialog.java,114,139,None,None
21777900_0.java,1,12,hibernate-release-4/hibernate-release-4.2.2.Final/project/documentation/src/main/docbook/devguide/en-US/extras/flush_and_clear_session.java,1,12,None,None
5708120_0.java,30,39,hadoop-1/hadoop-1.0.0/src/examples/org/apache/hadoop/examples/WordCount.java,31,40,None,None
5708120_0.java,30,39,hadoop-1/hadoop-1.0.0/src/test/org/apache/hadoop/mapred/TestMiniMRClientCluster.java,112,123,None,None
13524878_0.java,1,16,netbeans-6.9.1-201007282301/java.source/test/unit/data/jdk/JTable.java,1469,1484,None,None
13524878_0.java,1,16,jstock-1.0.7c/jstock/src/org/yccheok/jstock/gui/table/GenericEditor.java,19,44,None,None
14845581_1.java,1,11,hadoop-1/hadoop-1.0.0/src/mapred/org/apache/hadoop/mapreduce/JobSubmissionFiles.java,36,62,None,None
18970685_0.java,1,10,lucene-4.3.0/lucene-4.3.0/core/src/java/org/apache/lucene/store/FSDirectory.java,35,44,None,None
18970685_0.java,1,10,eclipse_SDK/eclipse_SDK-4.3/src/src/org/apache/lucene/store/FSDirectory.java,36,45,None,None
14330686_0.java,1,12,hibernate-release-4/hibernate-release-4.2.2.Final/project/documentation/src/main/docbook/devguide/en-US/extras/flush_and_clear_session.java,1,12,None,None
12678020_0.java,1,11,netbeans-6.9.1-201007282301/j2ee.clientproject/src/org/netbeans/modules/j2ee/clientproject/ui/customizer/AddAnnotationProcessor.java,7,25,None,None
12678020_0.java,1,11,netbeans-6.9.1-201007282301/j2ee.ejbjarproject/src/org/netbeans/modules/j2ee/ejbjarproject/ui/customizer/AddAnnotationProcessor.java,7,25,None,None
12678020_0.java,1,11,netbeans-6.9.1-201007282301/java.j2seproject/src/org/netbeans/modules/java/j2seproject/ui/customizer/AddAnnotationProcessor.java,7,25,None,None
12678020_0.java,1,11,netbeans-6.9.1-201007282301/web.project/src/org/netbeans/modules/web/project/ui/customizer/AddAnnotationProcessor.java,7,25,None,None
7056093_1.java,122,141,Compiere_330_Source/release_330/ad/src/org/compiere/plaf/CompiereTabbedPaneUI.java,514,568,None,None
17311459_0.java,68,78,netbeans-6.9.1-201007282301/bugtracking/src/org/netbeans/modules/bugtracking/ui/query/QueryTopComponentViewportLayout.java,11,40,None,None
3751463_0.java,1,18,spring-framework-3.0.5/spring-framework-3.0.5.RELEASE/projects/org.springframework.context/src/main/java/org/springframework/scheduling/config/ScheduledTasksBeanDefinitionParser.java,22,67,None,None
15131432_0.java,23,42,struts2-2.2.1-all/struts-2.2.1/src/core/src/main/java/org/apache/struts2/views/freemarker/FreemarkerManager.java,163,177,None,None
24963319_2.java,1,13,geotools-2/geotools-2.7-M3/modules/unsupported/swing/src/main/java/org/jdesktop/swingworker/SwingWorker.java,163,175,None,None
10952561_0.java,40,49,spring-framework-3.0.5/spring-framework-3.0.5.RELEASE/projects/org.springframework.orm/src/main/java/org/springframework/orm/hibernate3/HibernateTemplate.java,760,769,None,None
6236324_0.java,64,80,aoisrc281/ArtOfIllusion/src/artofillusion/image/MovieEncoder.java,71,88,None,None
6236324_0.java,83,92,aoisrc281/ArtOfIllusion/src/artofillusion/image/MovieEncoder.java,91,100,None,None
6236324_0.java,93,110,aoisrc281/ArtOfIllusion/src/artofillusion/image/MovieEncoder.java,101,118,None,None
6236324_0.java,114,123,aoisrc281/ArtOfIllusion/src/artofillusion/image/MovieEncoder.java,122,131,None,None
6236324_0.java,124,137,aoisrc281/ArtOfIllusion/src/artofillusion/image/MovieEncoder.java,132,145,None,None
11696992_0.java,86,108,jstock-1.0.7c/jstock/src/org/yccheok/jstock/gui/ChangeStockInfoJDialog.java,126,155,None,None
17966859_0.java,6,18,iReport-3/iReport-3.7.5-src/ireport-designer/src/com/jaspersoft/ireport/designer/subreport/TableComboBoxRenderer.java,11,22,None,None
9003314_0.java,70,83,spring-framework-3.0.5/spring-framework-3.0.5.RELEASE/projects/org.springframework.web/src/main/java/org/springframework/web/bind/WebDataBinder.java,95,108,None,None
10777586_0.java,1,17,weka-3-7-9/main/java/weka/core/Instances.java,1062,1132,None,None
7262163_0.java,47,59,netbeans-6.9.1-201007282301/db.dataview/src/org/netbeans/modules/db/dataview/table/CellFocusCustomRenderer.java,10,22,None,None
7262163_0.java,47,59,cayenne-3/cayenne-3.0.1-src/framework/cayenne-modeler/src/main/java/org/apache/cayenne/modeler/dialog/objentity/ObjAttributeInfoDialog.java,552,580,None,None
7262163_0.java,47,59,cayenne-3/cayenne-3.0.1-src/framework/cayenne-modeler/src/main/java/org/apache/cayenne/modeler/editor/ObjEntityAttributeTab.java,264,305,None,None
6722760_1.java,13,37,jgraph-latest-bsd-src/examples/org/jgraph/example/HelloWorld.java,14,37,None,None
6722760_1.java,13,37,jgraph-latest-bsd-src/examples/com/jgraph/example/mycellview/MyCellView.java,14,52,None,None
6722760_1.java,38,56,jgraph-latest-bsd-src/examples/org/jgraph/example/HelloWorld.java,38,56,None,None
6722760_1.java,38,56,jgraph-latest-bsd-src/examples/org/jgraph/example/GroupingRemoving.java,52,70,None,None
18515375_0.java,1,11,lucene-4.3.0/lucene-4.3.0/analysis/common/src/java/org/apache/lucene/analysis/synonym/WordnetSynonymParser.java,56,71,None,None
18515375_0.java,1,11,eclipse_SDK/eclipse_SDK-4.3/src/src/org/apache/lucene/analysis/synonym/WordnetSynonymParser.java,56,71,None,None
23967852_0.java,1,20,hibernate-release-4/hibernate-release-4.2.2.Final/project/hibernate-core/src/main/java/org/hibernate/dialect/pagination/SQLServer2005LimitHandler.java,42,62,None,None
14983497_0.java,51,60,hibernate-release-4/hibernate-release-4.2.2.Final/project/hibernate-envers/src/test/java/org/hibernate/envers/test/integration/customtype/ObjectUserType.java,27,36,None,None
19567163_0.java,1,10,eclipse_SDK/eclipse_SDK-4.3/src/src/org/eclipse/ui/texteditor/AbstractDecoratedTextEditor.java,1351,1360,None,None
4608146_0.java,1,13,eclipse_SDK/eclipse_SDK-4.3/src/src/org/eclipse/help/internal/base/remote/HttpsUtility.java,81,100,None,None
4608146_0.java,1,13,eclipse_SDK/eclipse_SDK-4.3/src/src/org/eclipse/help/internal/base/remote/HttpsUtility.java,17,37,None,None
4608146_0.java,1,13,eclipse_SDK/eclipse_SDK-4.3/src/src/org/eclipse/help/internal/base/remote/HttpsUtility.java,61,80,None,None
4608146_0.java,1,13,eclipse_SDK/eclipse_SDK-4.3/src/src/org/eclipse/help/internal/base/remote/HttpsUtility.java,101,120,None,None
4608146_0.java,1,13,eclipse_SDK/eclipse_SDK-4.3/src/src/org/eclipse/help/internal/base/remote/HttpsUtility.java,38,60,None,None
4608146_0.java,1,13,eclipse_SDK/eclipse_SDK-4.3/src/src/org/eclipse/help/internal/base/remote/HttpsUtility.java,121,149,None,None
4608146_0.java,1,13,Vuze_4812_source/com/aelitis/azureus/core/util/http/HTTPAuthHelper.java,270,323,None,None
4608146_0.java,1,13,Vuze_4812_source/org/gudy/azureus2/core3/security/impl/SESecurityManagerImpl.java,515,570,None,None
4608146_0.java,1,13,Vuze_4812_source/org/gudy/azureus2/core3/security/impl/SESecurityManagerImpl.java,417,514,None,None
4608146_0.java,1,13,Compiere_330_Source/release_330/base/src/org/compiere/process/RegisterSystem.java,22,118,None,None
4608146_0.java,1,13,netbeans-6.9.1-201007282301/mobility.jsr172/src/org/netbeans/modules/mobility/jsr172/wizard/WsdlRetriever.java,78,170,None,None
7445981_0.java,1,10,apache-jmeter-2.9/apache-jmeter-2.9/src/protocol/http/org/apache/jmeter/protocol/http/visualizers/RequestViewHTTP.java,163,188,None,None
8416340_0.java,4,23,findbugs-1/findbugs-1.3.9/src/antTask/edu/umd/cs/findbugs/anttask/UnionBugs.java,65,81,None,None
8416340_0.java,4,23,wct-package-v1.5.2/WCTSubmitToRosetta/src/main/java/nz/govt/natlib/ndha/common/FileUtils.java,23,38,None,None
22230019_0.java,1,19,eclipse_SDK/eclipse_SDK-4.3/src/src/org/eclipse/swt/widgets/Widget.java,424,442,None,None
6840970_2.java,4,16,spring-framework-3.0.5/spring-framework-3.0.5.RELEASE/projects/org.springframework.context.support/src/main/java/org/springframework/scheduling/quartz/SpringBeanJobFactory.java,16,39,None,None
25719073_1.java,1,20,eclipse_SDK/eclipse_SDK-4.3/src/src/org/eclipse/swt/widgets/Widget.java,309,328,None,None
7732479_2.java,72,95,jstock-1.0.7c/jstock/src/org/yccheok/jstock/gui/ChangeStockInfoJDialog.java,126,155,None,None
8065120_1.java,1,11,eclipse_SDK/eclipse_SDK-4.3/src/src/org/eclipse/ui/forms/widgets/FormToolkit.java,287,297,None,None
5309185_0.java,1,11,megamek-0.35.18/src/megamek/client/ui/swing/MegaMekGUI.java,58,113,None,None
17009025_0.java,2,13,db-derby-10/db-derby-10.6.1.0-src/java/testing/org/apache/derbyTesting/functionTests/tests/lang/GetPropertyInfoTest.java,12,109,None,None
2398335_0.java,1,16,hibernate-release-4/hibernate-release-4.2.2.Final/project/documentation/src/main/docbook/devguide/en-US/extras/using_scroll.java,1,16,None,None
16180910_0.java,1,15,hadoop-1/hadoop-1.0.0/src/mapred/org/apache/hadoop/mapreduce/lib/input/LineRecordReader.java,27,57,None,None
16180910_0.java,1,15,hadoop-1/hadoop-1.0.0/src/mapred/org/apache/hadoop/mapred/LineRecordReader.java,35,63,None,None
18233591_0.java,1,11,apache-tomcat-7.0.2/apache-tomcat-7.0.2-src/java/org/apache/catalina/core/StandardContextValve.java,36,129,None,None
7032144_1.java,1,11,netbeans-6.9.1-201007282301/cnd.modelimpl/src/org/netbeans/modules/cnd/modelimpl/uid/LazyCsmCollection.java,104,114,None,None
20957626_0.java,1,15,lucene-4.3.0/lucene-4.3.0/core/src/java/org/apache/lucene/search/FieldValueHitQueue.java,48,60,None,None
20957626_0.java,1,15,eclipse_SDK/eclipse_SDK-4.3/src/src/org/apache/lucene/search/FieldValueHitQueue.java,52,64,None,None
14824172_0.java,1,26,hibernate-release-4/hibernate-release-4.2.2.Final/project/hibernate-core/src/test/java/org/hibernate/test/annotations/manytoonewithformula/Model.java,21,41,None,None
14824172_0.java,1,26,hibernate-release-4/hibernate-release-4.2.2.Final/project/hibernate-core/src/test/java/org/hibernate/test/collectionalias/TableA.java,19,49,None,None
14824172_0.java,1,26,hibernate-release-4/hibernate-release-4.2.2.Final/project/hibernate-envers/src/test/java/org/hibernate/envers/test/integration/naming/VersionsJoinTableRangeTestEntitySuperClass.java,33,60,None,None
14824172_0.java,1,26,hibernate-release-4/hibernate-release-4.2.2.Final/project/hibernate-core/src/test/java/org/hibernate/test/collectionalias/TableB.java,38,65,None,None
14824172_0.java,1,26,hibernate-release-4/hibernate-release-4.2.2.Final/project/hibernate-envers/src/test/java/org/hibernate/envers/test/integration/naming/VersionsJoinTableRangeComponentTestEntity.java,79,120,None,None
14824172_0.java,1,26,geotools-2/geotools-2.7-M3/modules/unsupported/postgis-versioned/src/main/java/org/geotools/data/postgis/FeatureDiffImpl.java,70,114,None,None
7649910_0.java,1,11,netbeans-6.9.1-201007282301/db.dataview/src/org/netbeans/modules/db/dataview/table/CellFocusCustomRenderer.java,10,22,None,None
7649910_0.java,1,11,cayenne-3/cayenne-3.0.1-src/framework/cayenne-modeler/src/main/java/org/apache/cayenne/modeler/dialog/objentity/ObjAttributeInfoDialog.java,552,580,None,None
7649910_0.java,1,11,cayenne-3/cayenne-3.0.1-src/framework/cayenne-modeler/src/main/java/org/apache/cayenne/modeler/editor/ObjEntityAttributeTab.java,264,305,None,None
18202284_0.java,1,12,netbeans-6.9.1-201007282301/dlight.visualizers/src/org/netbeans/modules/dlight/visualizers/ThreadMapTopComponent.java,31,42,None,None
18202284_0.java,1,12,netbeans-6.9.1-201007282301/dlight.visualizers/src/org/netbeans/modules/dlight/visualizers/CallStackTopComponent.java,28,39,None,None
18202284_0.java,1,12,jhotdraw-7.5.1/jhotdraw_7.5.1/Source/jhotdraw7/src/main/java/org/jhotdraw/samples/color/CIEXYChromaticityDiagram.java,29,41,None,None
18202284_0.java,1,12,netbeans-6.9.1-201007282301/maven.samples/samples_src/facebook-module/src/main/java/org/netbeans/modules/fcb/facebookmodule/FcbTopComponent.java,28,40,None,None
18202284_0.java,1,12,netbeans-6.9.1-201007282301/apisupport.facebooksample/facebook-module/src/org/netbeans/modules/fcb/win/FcbTopComponent.java,28,40,None,None
18202284_0.java,1,12,netbeans-6.9.1-201007282301/project.ant/src/org/netbeans/modules/project/ant/RelativizeFilePathCustomizer.java,29,63,None,None
18202284_0.java,1,12,netbeans-6.9.1-201007282301/cnd/src/org/netbeans/modules/cnd/ui/options/CndOtherOptionsPanel.java,139,185,None,None
18202284_0.java,1,12,netbeans-6.9.1-201007282301/cnd.highlight/src/org/netbeans/modules/cnd/highlight/semantic/options/SemanticHighlightingOptionsPanel.java,133,184,None,None
18202284_0.java,1,12,netbeans-6.9.1-201007282301/form/test/qa-functional/data/SampleProject/src/org/netbeans/test/editor/formatting/testReformat2.java,11,50,None,None
18202284_0.java,1,12,netbeans-6.9.1-201007282301/apisupport.project/src/org/netbeans/modules/apisupport/project/ui/customizer/ClusterizeVisualPanel2.java,30,52,None,None
18202284_0.java,1,12,netbeans-6.9.1-201007282301/profiler.attach/src/org/netbeans/modules/profiler/attach/panels/SelectIntegrationTypePanelUI.java,14,101,None,None
18202284_0.java,1,12,netbeans-6.9.1-201007282301/profiler.j2ee.jboss/src/org/netbeans/modules/profiler/j2ee/jboss/JBossIntegrationPanelUI.java,13,89,None,None
18202284_0.java,1,12,netbeans-6.9.1-201007282301/profiler.attach/src/org/netbeans/modules/profiler/attach/panels/ReviewSettingsPanelUI.java,11,71,None,None
18202284_0.java,1,12,netbeans-6.9.1-201007282301/cnd.debugger.gdb/src/org/netbeans/modules/cnd/debugger/gdb/ui/MemoryViewTopComponent.java,31,97,None,None
18202284_0.java,1,12,netbeans-6.9.1-201007282301/autoupdate.ui/src/org/netbeans/modules/autoupdate/ui/wizards/OperationPanel.java,146,223,None,None
18202284_0.java,1,12,netbeans-6.9.1-201007282301/project.libraries/src/org/netbeans/modules/project/libraries/ui/LibrariesCustomizer.java,270,371,None,None
18202284_0.java,1,12,netbeans-6.9.1-201007282301/profiler.j2ee.tomcat/src/org/netbeans/modules/profiler/j2ee/tomcat/TomcatIntegrationPanelUI.java,16,108,None,None
18202284_0.java,1,12,netbeans-6.9.1-201007282301/profiler.j2ee.sunas/src/org/netbeans/modules/profiler/j2ee/sunas/SunASIntegrationPanelUI.java,43,126,None,None
18202284_0.java,1,12,netbeans-6.9.1-201007282301/profiler.attach/src/org/netbeans/modules/profiler/attach/panels/RemoteAttachSettingsPanelUI.java,42,135,None,None
18202284_0.java,1,12,netbeans-6.9.1-201007282301/profiler.attach/src/org/netbeans/modules/profiler/attach/panels/AttachSettingsPanelUI.java,60,272,None,None
18202284_0.java,1,12,netbeans-6.9.1-201007282301/core.ui/src/org/netbeans/core/ui/warmup/RefreshWarningVisual.java,11,34,None,None
18202284_0.java,1,12,netbeans-6.9.1-201007282301/java.hints/src/org/netbeans/modules/java/hints/analyzer/ui/AnalyzerTopComponent.java,57,179,None,None
18202284_0.java,1,12,netbeans-6.9.1-201007282301/cnd.makeproject/src/org/netbeans/modules/cnd/makeproject/ui/options/ParserSettingsPanel.java,202,267,None,None
18202284_0.java,1,12,netbeans-6.9.1-201007282301/java.hints/src/org/netbeans/modules/java/hints/jackpot/spi/support/OneCheckboxCustomizer.java,16,42,None,None
18202284_0.java,1,12,netbeans-6.9.1-201007282301/java.hints/src/org/netbeans/modules/java/hints/FieldForUnusedParamCustomizer.java,10,36,None,None
18202284_0.java,1,12,netbeans-6.9.1-201007282301/db/src/org/netbeans/modules/db/explorer/dlg/NewConnectionPanel.java,189,448,None,None
18202284_0.java,1,12,netbeans-6.9.1-201007282301/cnd.utils/src/org/netbeans/modules/cnd/utils/ui/ModalMessageDlgCancellablePane.java,14,47,None,None
18202284_0.java,1,12,netbeans-6.9.1-201007282301/ide.ergonomics/src/org/netbeans/modules/ide/ergonomics/newproject/ContentPanel.java,78,113,None,None
18202284_0.java,1,12,netbeans-6.9.1-201007282301/java.hints/src/org/netbeans/modules/java/hints/errors/FinalFieldsFromCtorCustomiser.java,10,37,None,None
18202284_0.java,1,12,netbeans-6.9.1-201007282301/maven.apisupport/src/org/netbeans/modules/maven/apisupport/SelectPlatformAppModulePanel.java,58,95,None,None
18202284_0.java,1,12,netbeans-6.9.1-201007282301/cnd.remote/src/org/netbeans/modules/cnd/remote/ui/wizard/CreateHostVisualPanel3.java,82,191,None,None
18202284_0.java,1,12,netbeans-6.9.1-201007282301/hudson/src/org/netbeans/modules/hudson/ui/FormLogin.java,47,96,None,None
18202284_0.java,1,12,netbeans-6.9.1-201007282301/ruby.project/src/org/netbeans/modules/ruby/rubyproject/ui/customizer/GemRequirementDetailsPanel.java,57,91,None,None
18202284_0.java,1,12,netbeans-6.9.1-201007282301/projectui/src/org/netbeans/modules/project/ui/actions/StopBuildingAlert.java,70,106,None,None
18202284_0.java,1,12,jhotdraw-7.5.1/jhotdraw_7.5.1/Source/jhotdraw7/src/main/java/org/jhotdraw/draw/action/EditGridPanel.java,53,100,None,None
18202284_0.java,1,12,netbeans-6.9.1-201007282301/cnd.makeproject/src/org/netbeans/modules/cnd/makeproject/configurations/ConfigurationWarningPanel.java,10,52,None,None
18202284_0.java,1,12,netbeans-6.9.1-201007282301/php.project/src/org/netbeans/modules/php/project/ui/customizer/LocalPathCell.java,35,64,None,None
23394569_0.java,2,11,jasml_0/src/com/jasml/helper/Util.java,604,618,None,None
23394569_0.java,2,11,hadoop-1/hadoop-1.0.0/src/examples/org/apache/hadoop/examples/dancing/Pentomino.java,272,286,None,None
23394569_0.java,2,11,JGroups-2/JGroups-2.10.0.GA.src/tests/junit-functional/org/jgroups/tests/AckReceiverWindowStressTest.java,106,128,None,None
23394569_0.java,2,11,Compiere_330_Source/release_330/ad/src/org/compiere/db/DB_Oracle.java,454,547,None,None
23394569_0.java,2,11,Compiere_330_Source/release_330/ad/src/org/compiere/db/DB_SQLServer.java,496,592,None,None
23394569_0.java,2,11,JGroups-2/JGroups-2.10.0.GA.src/tests/stress/org/jgroups/tests/RingBufferStressTest.java,149,176,None,None
23394569_0.java,2,11,JGroups-2/JGroups-2.10.0.GA.src/tests/junit-functional/org/jgroups/protocols/UNICAST_StressTest.java,162,190,None,None
23394569_0.java,2,11,JGroups-2/JGroups-2.10.0.GA.src/tests/junit-functional/org/jgroups/protocols/UNICAST2_StressTest.java,171,199,None,None
23394569_0.java,2,11,netbeans-6.9.1-201007282301/classfile/test/ScanJar.java,10,47,None,None
23394569_0.java,2,11,weka-3-7-9/main/java/weka/classifiers/evaluation/CostCurve.java,64,81,None,None
23394569_0.java,2,11,Vuze_4812_source/com/aelitis/azureus/util/JSONUtils.java,68,99,None,None
24040300_3.java,13,22,lucene-4.3.0/lucene-4.3.0/analysis/smartcn/src/java/org/apache/lucene/analysis/cn/smart/hhmm/PathNode.java,15,24,None,None
24040300_3.java,13,22,lucene-4.3.0/lucene-4.3.0/analysis/smartcn/src/java/org/apache/lucene/analysis/cn/smart/hhmm/SegTokenPair.java,14,27,None,None
12428601_0.java,1,12,jstock-1.0.7c/jstock/src/org/yccheok/jstock/gui/Utils.java,588,599,None,None
12428601_0.java,1,12,hsqldb-2/hsqldb-2.0.0/hsqldb/src/org/hsqldb/test/HsqldbTestCase.java,11,22,None,None
12428601_0.java,1,12,heritrix-1/heritrix-1.14.4/src/java/org/archive/util/FileUtils.java,223,234,None,None
12428601_0.java,1,12,jstock-1.0.7c/jstock/src/org/yccheok/jstock/gui/Utils.java,501,515,None,None
16448526_0.java,136,158,jstock-1.0.7c/jstock/src/org/yccheok/jstock/gui/ChangeStockInfoJDialog.java,126,155,None,None
6356081_0.java,1,10,batik-src-1.7/batik-1.7/sources/org/apache/batik/ext/awt/image/codec/util/SeekableStream.java,135,144,None,None
23520731_0.java,1,75,hibernate-release-4/hibernate-release-4.2.2.Final/project/hibernate-core/src/main/java/org/hibernate/tool/hbm2ddl/SchemaUpdate.java,115,190,None,None
15039172_0.java,27,49,jstock-1.0.7c/jstock/src/org/yccheok/jstock/gui/ChangeStockInfoJDialog.java,126,155,None,None
3629882_0.java,1,26,jstock-1.0.7c/jstock/src/org/yccheok/jstock/gui/Utils.java,1483,1502,None,None
3758110_0.java,1,19,spring-framework-3.0.5/spring-framework-3.0.5.RELEASE/projects/org.springframework.web.servlet/src/main/java/org/springframework/web/servlet/mvc/annotation/DefaultAnnotationHandlerMapping.java,65,95,None,None
24963319_4.java,1,11,geotools-2/geotools-2.7-M3/modules/unsupported/swing/src/main/java/org/jdesktop/swingworker/AccumulativeRunnable.java,13,27,None,None
10930216_1.java,1,17,weka-3-7-9/main/java/weka/core/Instances.java,1062,1132,None,None
5886302_0.java,1,15,eclipse_SDK/eclipse_SDK-4.3/src/src/org/eclipse/jface/wizard/WizardSelectionPage.java,29,43,None,None
12733450_0.java,1,10,netbeans-6.9.1-201007282301/form/src/org/netbeans/modules/form/BindingCustomizer.java,831,875,None,None
12733450_0.java,1,10,jstock-1.0.7c/jstock/src/org/yccheok/jstock/gui/Utils.java,1668,1692,None,None
12733450_0.java,1,10,apache-tomcat-7.0.2/apache-tomcat-7.0.2-src/test/org/apache/catalina/core/TestAsyncContextImpl.java,148,173,None,None
12733450_0.java,1,10,apache-tomcat-7.0.2/apache-tomcat-7.0.2-src/test/org/apache/catalina/core/TestAsyncContextImpl.java,137,176,None,None
12733450_0.java,1,10,jstock-1.0.7c/jstock/src/org/yccheok/jstock/gui/charting/ChartJDialog.java,523,569,None,None
12733450_0.java,1,10,netbeans-6.9.1-201007282301/terminal/test/unit/src/org/netbeans/modules/terminal/T5_MTStress_Test.java,68,93,None,None
12733450_0.java,1,10,netbeans-6.9.1-201007282301/cnd.makeproject/src/org/netbeans/modules/cnd/makeproject/api/runprofiles/RunProfile.java,193,222,None,None
12733450_0.java,1,10,hadoop-1/hadoop-1.0.0/src/mapred/org/apache/hadoop/mapred/TaskTracker.java,1688,1717,None,None
12733450_0.java,1,10,jstock-1.0.7c/jstock/src/org/yccheok/jstock/gui/IndicatorPanel.java,279,314,None,None
12733450_0.java,1,10,hibernate-release-4/hibernate-release-4.2.2.Final/project/hibernate-core/src/test/java/org/hibernate/test/dialect/functional/SQLServerDialectTest.java,237,285,None,None
12733450_0.java,1,10,netbeans-6.9.1-201007282301/dlight.nativeexecution/test/unit/src/org/netbeans/modules/nativeexecution/api/util/HostInfoUtilsTest.java,75,125,None,None
12733450_0.java,1,10,netbeans-6.9.1-201007282301/mercurial/src/org/netbeans/modules/mercurial/util/HgCommand.java,2176,2280,None,None
12733450_0.java,1,10,hadoop-1/hadoop-1.0.0/src/test/org/apache/hadoop/hdfs/TestFileConcurrentReader.java,148,234,None,None
12733450_0.java,1,10,lucene-4.3.0/lucene-4.3.0/core/src/test/org/apache/lucene/search/TestSearcherManager.java,147,232,None,None
12733450_0.java,1,10,netbeans-6.9.1-201007282301/mercurial/src/org/netbeans/modules/mercurial/util/HgCommand.java,2656,2733,None,None
12733450_0.java,1,10,netbeans-6.9.1-201007282301/j2ee.clientproject/test/unit/src/org/netbeans/modules/j2ee/clientproject/classpath/AppClientProjectClassPathExtenderTest.java,32,73,None,None
12733450_0.java,1,10,netbeans-6.9.1-201007282301/openide.util/test/unit/src/org/openide/util/RequestProcessor180386Test.java,191,233,None,None
12733450_0.java,1,10,jstock-1.0.7c/jstock/src/org/yccheok/jstock/gui/MainFrame.java,2740,2759,None,None
6097643_0.java,1,20,eclipse_SDK/eclipse_SDK-4.3/src/src/org/apache/http/impl/client/AbstractHttpClient.java,110,128,None,None
92962_0.java,22,61,jung2-2_0_1/jung-samples-2.0.1/edu/uci/ics/jung/samples/LensDemo.java,278,317,None,None
92962_0.java,22,61,jgraphpad-5/jgraphpad-5.10.0.2-src/src/org/jgraph/pad/graphcellsbase/JGraphSwimlaneView.java,93,132,None,None
8065120_0.java,1,10,eclipse_SDK/eclipse_SDK-4.3/src/src/org/eclipse/swt/widgets/Composite.java,627,643,None,None
25373489_0.java,50,66,weka-3-7-9/main/java/weka/gui/beans/KnowledgeFlowApp.java,2040,2061,None,None
22585813_0.java,1,16,netbeans-6.9.1-201007282301/o.mozilla.rhino.patched/patched_files/org/mozilla/nb/javascript/ScriptRuntime.java,774,789,None,None
25056629_1.java,1,14,iText-src-5/src/core/com/itextpdf/text/pdf/PdfWriter.java,538,551,None,None
22553523_0.java,1,16,aspectj-1.6.9-src/aspectjtools1.6.9-src/org/aspectj/org/eclipse/jdt/internal/core/search/matching/MethodLocator.java,172,220,None,None
22553523_0.java,1,16,eclipse_SDK/eclipse_SDK-4.3/src/src/org/eclipse/jdt/internal/core/search/matching/MethodLocator.java,229,292,None,None
11578674_0.java,116,127,netbeans-6.9.1-201007282301/xml/src/org/netbeans/modules/xml/wizard/impl/SchemaPanel.java,501,511,None,None
11578674_0.java,116,127,apache-tomcat-7.0.2/apache-tomcat-7.0.2-src/test/org/apache/catalina/tribes/demos/MapDemo.java,339,352,None,None
8685131_0.java,1,10,netbeans-6.9.1-201007282301/form/test/qa-functional/data/SampleProject/src/org/netbeans/test/editor/formatting/testReformat2.java,11,50,None,None
8685131_0.java,1,10,netbeans-6.9.1-201007282301/cnd/src/org/netbeans/modules/cnd/ui/options/CndOtherOptionsPanel.java,139,185,None,None
8685131_0.java,1,10,netbeans-6.9.1-201007282301/project.ant/src/org/netbeans/modules/project/ant/RelativizeFilePathCustomizer.java,29,63,None,None
8685131_0.java,1,10,jstock-1.0.7c/jstock/src/org/yccheok/jstock/gui/OptionsColorJPanel.java,12,438,None,None
8685131_0.java,1,10,netbeans-6.9.1-201007282301/cnd.highlight/src/org/netbeans/modules/cnd/highlight/semantic/options/SemanticHighlightingOptionsPanel.java,133,184,None,None
8685131_0.java,1,10,netbeans-6.9.1-201007282301/profiler.attach/src/org/netbeans/modules/profiler/attach/panels/SelectIntegrationTypePanelUI.java,14,101,None,None
8685131_0.java,1,10,netbeans-6.9.1-201007282301/profiler.j2ee.jboss/src/org/netbeans/modules/profiler/j2ee/jboss/JBossIntegrationPanelUI.java,13,89,None,None
8685131_0.java,1,10,netbeans-6.9.1-201007282301/profiler.attach/src/org/netbeans/modules/profiler/attach/panels/AttachSettingsPanelUI.java,60,272,None,None
8685131_0.java,1,10,netbeans-6.9.1-201007282301/profiler.j2ee.tomcat/src/org/netbeans/modules/profiler/j2ee/tomcat/TomcatIntegrationPanelUI.java,16,108,None,None
8685131_0.java,1,10,netbeans-6.9.1-201007282301/profiler.j2ee.sunas/src/org/netbeans/modules/profiler/j2ee/sunas/SunASIntegrationPanelUI.java,43,126,None,None
8685131_0.java,1,10,netbeans-6.9.1-201007282301/profiler.attach/src/org/netbeans/modules/profiler/attach/panels/RemoteAttachSettingsPanelUI.java,42,135,None,None
8685131_0.java,1,10,netbeans-6.9.1-201007282301/profiler.attach/src/org/netbeans/modules/profiler/attach/panels/ReviewSettingsPanelUI.java,11,71,None,None
8685131_0.java,1,10,netbeans-6.9.1-201007282301/cnd.makeproject/src/org/netbeans/modules/cnd/makeproject/ConfirmExtensions.java,60,131,None,None
8685131_0.java,1,10,netbeans-6.9.1-201007282301/db/src/org/netbeans/modules/db/explorer/dlg/NewConnectionPanel.java,189,448,None,None
8685131_0.java,1,10,jstock-1.0.7c/jstock/src/org/yccheok/jstock/gui/OptionsIndicatorJPanel.java,6,67,None,None
8685131_0.java,1,10,jstock-1.0.7c/jstock/src/org/yccheok/jstock/gui/OptionsNetworkJPanel.java,158,352,None,None
8685131_0.java,1,10,jstock-1.0.7c/jstock/src/org/yccheok/jstock/gui/OptionsUpdateJPanel.java,14,67,None,None
8685131_0.java,1,10,netbeans-6.9.1-201007282301/form/test/qa-functional/data/SampleProject/src/org/netbeans/test/editor/formatting/testAdvancedIndentation.java,6,86,None,None
8685131_0.java,1,10,jstock-1.0.7c/jstock/src/org/yccheok/jstock/gui/charting/StochasticOptionsJDialog.java,7,65,None,None
8685131_0.java,1,10,jstock-1.0.7c/jstock/src/org/yccheok/jstock/gui/OptionsBrokerJPanel.java,27,302,None,None
8685131_0.java,1,10,jstock-1.0.7c/jstock/src/org/yccheok/jstock/gui/OptionsAlertJPanel.java,19,345,None,None
8685131_0.java,1,10,jstock-1.0.7c/jstock/src/org/yccheok/jstock/gui/analysis/WizardSelectInstallIndicatorMethodJPanel.java,11,86,None,None
8685131_0.java,1,10,jstock-1.0.7c/jstock/src/org/yccheok/jstock/gui/WizardSelectStockJPanel.java,16,332,None,None
8685131_0.java,1,10,jstock-1.0.7c/jstock/src/org/yccheok/jstock/gui/StockJDialog.java,19,334,None,None
8685131_0.java,1,10,netbeans-6.9.1-201007282301/php.editor/src/org/netbeans/modules/php/editor/indent/ui/FmtBlankLines.java,50,421,None,None
9683760_0.java,1,11,mvnforum-1.2.2-mvnad-1.0.1/mvnforum-1.2.2-mvnad-1.0.1-src-20100817/mvnforum/contrib/phpbb2mvnforum/src/org/mvnforum/util/DBUtils.java,77,89,None,None
609430_0.java,1,17,hibernate-release-4/hibernate-release-4.2.2.Final/project/hibernate-core/src/main/java/org/hibernate/event/internal/DefaultLoadEventListener.java,277,293,None,None
11741948_0.java,1,12,apache-log4j-1.2.16/apache-log4j-1.2.16/src/main/java/org/apache/log4j/lf5/util/StreamUtils.java,12,23,None,None
5266856_0.java,1,17,eclipse_SDK/eclipse_SDK-4.3/src/src/javax/servlet/http/HttpServlet.java,99,166,None,None
5266856_0.java,1,17,apache-tomcat-7.0.2/apache-tomcat-7.0.2-src/java/javax/servlet/http/HttpServlet.java,99,168,None,None
21185724_0.java,1,10,spring-framework-3.0.5/spring-framework-3.0.5.RELEASE/projects/org.springframework.beans/src/main/java/org/springframework/beans/factory/support/AbstractBeanFactory.java,98,191,None,None
14969416_0.java,1,16,jstock-1.0.7c/jstock/src/org/yccheok/jstock/gui/ChangeStockInfoJDialog.java,126,155,None,None
12593810_0.java,1,12,poi-3.6-20091214/poi-3.6/src/ooxml/java/org/apache/poi/ss/usermodel/WorkbookFactory.java,18,29,None,None
23744131_0.java,135,157,jstock-1.0.7c/jstock/src/org/yccheok/jstock/gui/ChangeStockInfoJDialog.java,126,155,None,None
19796981_0.java,1,10,sunflow-src-v0.07.2/sunflow/src/org/sunflow/image/Bitmap.java,16,225,None,None
25414160_0.java,1,11,jag-6/jag-6.1/src/com/finalist/jaggenerator/modules/DatabaseManagerFrame.java,97,162,None,None
25414160_0.java,1,11,netbeans-6.9.1-201007282301/websvc.wsitconf/src/org/netbeans/modules/websvc/wsitconf/ui/service/subpanels/TargetsPanel.java,66,154,None,None
25414160_0.java,1,11,netbeans-6.9.1-201007282301/java.source/src/org/netbeans/modules/java/ui/FmtImports.java,11,99,None,None
25414160_0.java,1,11,netbeans-6.9.1-201007282301/form/test/unit/src/org/netbeans/modules/form/layoutdesign/ALT_Bug124689.java,6,156,None,None
25414160_0.java,1,11,netbeans-6.9.1-201007282301/identity.server.manager/src/org/netbeans/modules/identity/server/manager/ui/ProfileEditorPanel.java,327,531,None,None
25414160_0.java,1,11,netbeans-6.9.1-201007282301/vmd.midpnb/src/org/netbeans/modules/vmd/midpnb/propertyeditors/SVGFormEditorElement.java,528,686,None,None
25414160_0.java,1,11,iReport-3/iReport-3.7.5-src/jasperserver-plugin/src/com/jaspersoft/ireport/jasperserver/ui/inputcontrols/impl/TableListInputControlUI.java,54,110,None,None
598007_0.java,1,13,eclipse_SDK/eclipse_SDK-4.3/src/src/org/eclipse/jface/dialogs/ProgressMonitorDialog.java,252,264,None,None
2870786_0.java,1,11,apache-tomcat-7.0.2/apache-tomcat-7.0.2-src/java/org/apache/tomcat/util/http/fileupload/IOUtils.java,25,35,None,None
10315932_0.java,1,13,netbeans-6.9.1-201007282301/openide.explorer/src/org/openide/explorer/view/OutlineView.java,922,956,None,None
14666091_0.java,27,39,netbeans-6.9.1-201007282301/swingapp/src/org/netbeans/modules/swingapp/IconButton.java,19,35,None,None
5582118_0.java,1,10,geotools-2/geotools-2.7-M3/modules/plugin/imagemosaic/src/main/java/org/geotools/gce/imagemosaic/catalog/STRTreeGranuleCatalog.java,87,108,None,None
24680923_0.java,17,42,jstock-1.0.7c/jstock/src/org/yccheok/jstock/alert/GoogleMail.java,18,43,None,None
8753200_0.java,1,14,mvnforum-1.2.2-mvnad-1.0.1/mvnforum-1.2.2-mvnad-1.0.1-src-20100817/myvietnam/src/net/myvietnam/mvncore/web/fileupload/FileUploadBase.java,23,35,None,None
8753200_0.java,1,14,apache-tomcat-7.0.2/apache-tomcat-7.0.2-src/java/org/apache/tomcat/util/http/fileupload/servlet/ServletFileUpload.java,12,25,None,None
13051546_0.java,26,36,netbeans-6.9.1-201007282301/form/test/unit/src/org/netbeans/modules/form/layoutdesign/ALT_Bug124689.java,6,156,None,None
13051546_0.java,37,59,jstock-1.0.7c/jstock/src/org/yccheok/jstock/gui/ChangeStockInfoJDialog.java,126,155,None,None
4705410_0.java,2,19,junit-4/org/junit/runners/ParentRunner.java,150,164,None,None
4705410_0.java,2,19,eclipse_SDK/eclipse_SDK-4.3/src/src/junitsrc/org/junit/runners/ParentRunner.java,150,164,None,None
24752728_1.java,20,46,netbeans-6.9.1-201007282301/usersguide/tutorials/j2ee-tut/examples/jaxrpc/diiclient/src/diiclient/HelloDIIClient.java,17,38,None,None
11202699_0.java,1,12,jstock-1.0.7c/jstock/src/org/yccheok/jstock/gui/Utils.java,588,599,None,None
11202699_0.java,1,12,hsqldb-2/hsqldb-2.0.0/hsqldb/src/org/hsqldb/test/HsqldbTestCase.java,11,22,None,None
11202699_0.java,1,12,heritrix-1/heritrix-1.14.4/src/java/org/archive/util/FileUtils.java,223,234,None,None
11202699_0.java,1,12,jstock-1.0.7c/jstock/src/org/yccheok/jstock/gui/Utils.java,501,515,None,None
19458698_0.java,1,10,db-derby-10/db-derby-10.6.1.0-src/java/testing/org/apache/derbyTesting/functionTests/tests/lang/SQLSessionContextTest.java,258,298,None,None
19458698_0.java,1,10,jboss-5/jboss-5.1.0.GA-src/varia/src/main/org/jboss/varia/scheduler/DBScheduleProvider.java,37,70,None,None
19458698_0.java,1,10,db-derby-10/db-derby-10.6.1.0-src/java/testing/org/apache/derbyTesting/functionTests/tests/lang/SQLSessionContextTest.java,299,338,None,None
19458698_0.java,1,10,db-derby-10/db-derby-10.6.1.0-src/java/testing/org/apache/derbyTesting/functionTests/tests/lang/SQLSessionContextTest.java,339,361,None,None
19458698_0.java,1,10,db-derby-10/db-derby-10.6.1.0-src/java/testing/org/apache/derbyTesting/functionTests/tests/lang/SQLSessionContextTest.java,385,411,None,None
19458698_0.java,1,10,apache-tomcat-7.0.2/apache-tomcat-7.0.2-src/java/org/apache/tomcat/util/net/AprEndpoint.java,398,437,None,None
19458698_0.java,1,10,db-derby-10/db-derby-10.6.1.0-src/java/testing/org/apache/derbyTesting/functionTests/tests/lang/SQLSessionContextTest.java,198,257,None,None
19458698_0.java,1,10,jfreechart-1/jfreechart-1.0.13/source/org/jfree/data/jdbc/JDBCCategoryDataset.java,44,132,None,None
19458698_0.java,1,10,apache-log4j-1.2.16/apache-log4j-1.2.16/src/main/java/org/apache/log4j/net/SocketNode.java,30,73,None,None
19458698_0.java,1,10,jboss-5/jboss-5.1.0.GA-src/connector/src/main/org/jboss/resource/adapter/jdbc/vendor/PostgreSQLValidConnectionChecker.java,9,29,None,None
2789247_0.java,1,11,netbeans-6.9.1-201007282301/openide.nodes/src/org/openide/nodes/EntrySupport.java,1293,1302,None,None
7968632_0.java,1,10,spring-framework-3.0.5/spring-framework-3.0.5.RELEASE/projects/org.springframework.web.servlet/src/main/java/org/springframework/web/servlet/tags/form/ValueFormatter.java,10,22,None,None
14940863_0.java,1,26,jstock-1.0.7c/jstock/src/org/yccheok/jstock/alert/GoogleMail.java,18,43,None,None
19340685_0.java,1,17,hibernate-release-4/hibernate-release-4.2.2.Final/project/hibernate-core/src/main/java/org/hibernate/internal/util/collections/BoundedConcurrentHashMap.java,652,673,None,None
19340685_0.java,1,17,hibernate-release-4/hibernate-release-4.2.2.Final/project/hibernate-core/src/main/java/org/hibernate/internal/util/collections/ConcurrentReferenceHashMap.java,282,299,None,None
19499230_0.java,1,11,jtopen_7_1/com/ibm/as400/security/auth/UserProfilePrincipal.java,29,41,None,None
19499230_0.java,1,11,jtopen_7_1/com/ibm/as400/security/auth/ProfileTokenCredential.java,58,70,None,None
19499230_0.java,1,11,jtopen_7_1/com/ibm/as400/security/auth/ProfileHandleCredential.java,14,26,None,None
19499230_0.java,1,11,hadoop-1/hadoop-1.0.0/src/core/org/apache/hadoop/fs/FileStatus.java,112,124,None,None
19499230_0.java,1,11,geotools-2/geotools-2.7-M3/modules/unsupported/caching/src/main/java/org/geotools/caching/grid/spatialindex/GridData.java,38,50,None,None
19499230_0.java,1,11,hibernate-release-4/hibernate-release-4.2.2.Final/project/hibernate-core/src/main/java/org/hibernate/cache/spi/NaturalIdCacheKey.java,80,95,None,None
19499230_0.java,1,11,eclipse_SDK/eclipse_SDK-4.3/src/src/com/ibm/icu/text/UnicodeSet.java,930,954,None,None
19499230_0.java,1,11,eclipse_SDK/eclipse_SDK-4.3/src/src/com/ibm/icu/util/CaseInsensitiveString.java,21,41,None,None
19499230_0.java,1,11,pmd-4.2.5/pmd-4.2.5/src/net/sourceforge/pmd/CommonAbstractRule.java,251,268,None,None
19499230_0.java,1,11,eclipse_SDK/eclipse_SDK-4.3/src/src/com/ibm/icu/util/LocalePriorityList.java,53,67,None,None
19499230_0.java,1,11,jena-2/com/hp/hpl/jena/rdf/arp/impl/ARPResource.java,41,51,None,None
19499230_0.java,1,11,iReport-3/iReport-3.7.5-src/ireport-designer/src/com/jaspersoft/ireport/designer/compiler/ExtendedJRJdtCompiler.java,83,92,None,None
19499230_0.java,1,11,pmd-4.2.5/pmd-4.2.5/src/net/sourceforge/pmd/RuleSet.java,111,120,None,None
2513183_0.java,75,84,eclipse_SDK/eclipse_SDK-4.3/src/src/org/eclipse/jdt/ui/actions/GenerateToStringAction.java,77,87,None,None
2513183_0.java,96,105,eclipse_SDK/eclipse_SDK-4.3/src/src/org/eclipse/jdt/ui/actions/GenerateToStringAction.java,101,111,None,None
2513183_0.java,45,55,eclipse_SDK/eclipse_SDK-4.3/src/src/org/eclipse/jdt/ui/actions/GenerateToStringAction.java,45,55,None,None
9883119_0.java,1,12,jext-sources-5/jext-src-5.0/src/lib/com/microstar/xml/XmlParser.java,1,2243,None,None
9883119_0.java,1,12,netbeans-6.9.1-201007282301/java.source/src/org/netbeans/modules/java/source/usages/ClassFileUtil.java,372,411,None,None
9883119_0.java,1,12,eclipse_SDK/eclipse_SDK-4.3/src/src/org/eclipse/jdt/internal/core/util/Util.java,103,146,None,None
9883119_0.java,1,12,aspectj-1.6.9-src/aspectjtools1.6.9-src/org/aspectj/org/eclipse/jdt/internal/core/util/Util.java,80,123,None,None
9883119_0.java,1,12,netbeans-6.9.1-201007282301/cnd.modeldiscovery/src/org/netbeans/modules/cnd/modeldiscovery/provider/PkgConfigImpl.java,405,474,None,None
292287_0.java,1,21,netbeans-6.9.1-201007282301/java.source/test/unit/data/jdk/JTable.java,103,125,None,None
19655142_1.java,1,10,apache-jmeter-2.9/apache-jmeter-2.9/src/protocol/http/org/apache/jmeter/protocol/http/visualizers/RequestViewHTTP.java,163,188,None,None
21912294_0.java,109,118,iReport-3/iReport-3.7.5-src/jasperserver-plugin/src/com/jaspersoft/ireport/jasperserver/ws/IReportTrustManager.java,113,122,None,None
3275733_0.java,1,12,hibernate-release-4/hibernate-release-4.2.2.Final/project/documentation/src/main/docbook/devguide/en-US/extras/flush_and_clear_session.java,1,12,None,None
8379229_0.java,1,11,weka-3-7-9/main/java/weka/core/matrix/EigenvalueDecomposition.java,108,195,None,None
8379229_0.java,1,11,colt-1/colt/src/cern/colt/matrix/linalg/EigenvalueDecomposition.java,518,605,None,None
15929471_0.java,1,16,jstock-1.0.7c/jstock/src/org/yccheok/jstock/gui/ChangeStockInfoJDialog.java,126,155,None,None
7968632_1.java,1,11,spring-framework-3.0.5/spring-framework-3.0.5.RELEASE/projects/org.springframework.web.servlet/src/main/java/org/springframework/web/servlet/tags/form/ValueFormatter.java,10,22,None,None
15168494_0.java,1,30,hibernate-release-4/hibernate-release-4.2.2.Final/project/hibernate-core/src/main/java/org/hibernate/service/jdbc/connections/internal/ConnectionProviderInitiator.java,58,118,None,None
7758741_0.java,1,10,Vuze_4812_source/org/gudy/azureus2/ui/swt/StartServer.java,75,116,None,None
7758741_0.java,1,10,Vuze_4812_source/org/gudy/azureus2/ui/common/StartServer.java,31,79,None,None
22760337_0.java,2,24,jstock-1.0.7c/jstock/src/org/yccheok/jstock/gui/ChangeStockInfoJDialog.java,126,155,None,None
22760337_0.java,4,22,jstock-1.0.7c/jstock/src/org/yccheok/jstock/gui/ChangeStockInfoJDialog.java,126,155,None,None
21677496_0.java,1,10,spring-framework-3.0.5/spring-framework-3.0.5.RELEASE/projects/org.springframework.web/src/main/java/org/springframework/web/context/ContextLoader.java,80,107,None,None
550172_0.java,39,68,jstock-1.0.7c/jstock/src/org/yccheok/jstock/gui/Utils.java,457,487,None,None
550172_0.java,69,81,jhotdraw-7.5.1/jhotdraw_7.5.1/Source/jhotdraw7/src/main/java/org/jhotdraw/util/Images.java,81,93,None,None
550172_0.java,69,81,jstock-1.0.7c/jstock/src/org/yccheok/jstock/gui/Utils.java,444,456,None,None
12106623_0.java,1,16,apache-log4j-1.2.16/apache-log4j-1.2.16/src/main/java/org/apache/log4j/WriterAppender.java,45,61,None,None
2067401_0.java,1,12,lucene-4.3.0/lucene-4.3.0/queryparser/src/java/org/apache/lucene/queryparser/complexPhrase/ComplexPhraseQueryParser.java,246,280,None,None
2067401_0.java,1,12,lucene-4.3.0/lucene-4.3.0/queries/src/java/org/apache/lucene/queries/BoostingQuery.java,48,81,None,None
2067401_0.java,1,12,lucene-4.3.0/lucene-4.3.0/sandbox/src/java/org/apache/lucene/sandbox/queries/FuzzyLikeThisQuery.java,41,77,None,None
13364730_1.java,17,27,jhotdraw-7.5.1/jhotdraw_7.5.1/Source/jhotdraw7/src/main/java/org/jhotdraw/samples/color/CIEXYChromaticityDiagram.java,29,41,None,None
13364730_1.java,17,27,netbeans-6.9.1-201007282301/cnd/src/org/netbeans/modules/cnd/ui/options/CndOtherOptionsPanel.java,139,185,None,None
13364730_1.java,17,27,netbeans-6.9.1-201007282301/core.ui/src/org/netbeans/core/ui/warmup/RefreshWarningVisual.java,11,34,None,None
13364730_1.java,17,27,netbeans-6.9.1-201007282301/java.hints/src/org/netbeans/modules/java/hints/jackpot/spi/support/OneCheckboxCustomizer.java,16,42,None,None
13364730_1.java,17,27,netbeans-6.9.1-201007282301/java.hints/src/org/netbeans/modules/java/hints/FieldForUnusedParamCustomizer.java,10,36,None,None
13364730_1.java,17,27,netbeans-6.9.1-201007282301/cnd.utils/src/org/netbeans/modules/cnd/utils/ui/ModalMessageDlgCancellablePane.java,14,47,None,None
13364730_1.java,17,27,netbeans-6.9.1-201007282301/java.hints/src/org/netbeans/modules/java/hints/errors/FinalFieldsFromCtorCustomiser.java,10,37,None,None
13364730_1.java,17,27,netbeans-6.9.1-201007282301/maven.apisupport/src/org/netbeans/modules/maven/apisupport/SelectPlatformAppModulePanel.java,58,95,None,None
13364730_1.java,17,27,netbeans-6.9.1-201007282301/ruby.project/src/org/netbeans/modules/ruby/rubyproject/ui/customizer/GemRequirementDetailsPanel.java,57,91,None,None
13364730_1.java,17,27,netbeans-6.9.1-201007282301/cnd.makeproject/src/org/netbeans/modules/cnd/makeproject/configurations/ConfigurationWarningPanel.java,10,52,None,None
13364730_1.java,17,27,netbeans-6.9.1-201007282301/html.editor/src/org/netbeans/modules/html/editor/HtmlCompletionOptionsPanel.java,21,68,None,None
13364730_1.java,17,27,netbeans-6.9.1-201007282301/php.project/src/org/netbeans/modules/php/project/ui/customizer/LocalPathCell.java,35,64,None,None
13364730_1.java,17,27,netbeans-6.9.1-201007282301/java.source/src/org/netbeans/modules/java/source/usages/ContainsErrorsWarning.java,6,35,None,None
22143941_0.java,31,58,netbeans-6.9.1-201007282301/form/test/qa-functional/data/SampleProject/src/org/netbeans/test/editor/formatting/testReformat.java,28,66,None,None
22143941_0.java,31,58,netbeans-6.9.1-201007282301/form/test/qa-functional/data/SampleProject/src/org/netbeans/test/editor/formatting/testBasicIndentation.java,6,220,None,None
12488529_1.java,80,106,jstock-1.0.7c/jstock/src/org/yccheok/jstock/gui/Utils.java,457,487,None,None
12488529_1.java,80,106,jhotdraw-7.5.1/jhotdraw_7.5.1/Source/jhotdraw7/src/main/java/org/jhotdraw/util/Images.java,41,80,None,None
24901004_0.java,1,17,Vuze_4812_source/org/gudy/azureus2/core3/util/ByteArrayHashMap.java,155,171,None,None
16201295_1.java,1,11,cayenne-3/cayenne-3.0.1-src/framework/cayenne-jdk1.5-unpublished/src/main/java/org/apache/cayenne/merge/AbstractToDbToken.java,21,47,None,None
12936580_0.java,63,197,jfreechart-1/jfreechart-1.0.13/source/org/jfree/chart/renderer/xy/AbstractXYItemRenderer.java,443,578,None,None
12936580_0.java,198,211,jfreechart-1/jfreechart-1.0.13/source/org/jfree/chart/renderer/xy/AbstractXYItemRenderer.java,579,595,None,None
12936580_0.java,198,211,jfreechart-1/jfreechart-1.0.13/source/org/jfree/chart/renderer/category/AbstractCategoryItemRenderer.java,525,541,None,None
10274267_0.java,1,12,hibernate-release-4/hibernate-release-4.2.2.Final/project/documentation/src/main/docbook/devguide/en-US/extras/flush_and_clear_session.java,1,12,None,None
14582029_0.java,1,12,hibernate-release-4/hibernate-release-4.2.2.Final/project/documentation/src/main/docbook/devguide/en-US/extras/flush_and_clear_session.java,1,12,None,None
13311280_0.java,29,54,netbeans-6.9.1-201007282301/form/test/qa-functional/data/SampleDesktopApplication/src/sampledesktopapplication/SampleDesktopView.java,40,65,None,None
13311280_0.java,29,54,netbeans-6.9.1-201007282301/swingapp/appshells/CRUDShellApp/src/applicationpackage/ShellView.java,52,77,None,None
13311280_0.java,29,54,netbeans-6.9.1-201007282301/swingapp/appshells/BasicShellApp/src/applicationpackage/ShellView.java,40,65,None,None
13311280_0.java,29,54,netbeans-6.9.1-201007282301/java.examples/MarsRoverViewer/src/marsroverviewer/MarsRoverViewerView.java,51,76,None,None
13311280_0.java,29,54,netbeans-6.9.1-201007282301/java.examples/DocumentEditor/src/documenteditor/DocumentEditorView.java,53,78,None,None
13311280_0.java,29,54,netbeans-6.9.1-201007282301/form/test/qa-functional/data/SampleDesktopApplication/src/sampledesktopapplication/SampleDesktopView.java,14,67,None,None
13311280_0.java,29,54,netbeans-6.9.1-201007282301/swingapp/appshells/BasicShellApp/src/applicationpackage/ShellView.java,14,67,None,None
13311280_0.java,29,54,netbeans-6.9.1-201007282301/java.examples/MarsRoverViewer/src/marsroverviewer/MarsRoverViewerView.java,24,78,None,None
13311280_0.java,29,54,netbeans-6.9.1-201007282301/java.examples/DocumentEditor/src/documenteditor/DocumentEditorView.java,27,92,None,None
13311280_0.java,29,54,netbeans-6.9.1-201007282301/swingapp/appshells/CRUDShellApp/src/applicationpackage/ShellView.java,26,98,None,None
7441437_0.java,2,11,jfreechart-1/jfreechart-1.0.13/tests/org/jfree/chart/junit/PieChartTests.java,30,41,None,None
11830062_1.java,1,18,jtopen_7_1/com/ibm/as400/access/AS400JDBCDatabaseMetaData.java,222,292,None,None
25606560_0.java,78,100,jstock-1.0.7c/jstock/src/org/yccheok/jstock/gui/ChangeStockInfoJDialog.java,126,155,None,None
25719073_2.java,1,10,eclipse_SDK/eclipse_SDK-4.3/src/src/org/eclipse/swt/widgets/Composite.java,481,490,None,None
18687201_0.java,1,10,eclipse_SDK/eclipse_SDK-4.3/src/src/javax/servlet/http/HttpServlet.java,51,60,None,None
18687201_0.java,1,10,apache-tomcat-7.0.2/apache-tomcat-7.0.2-src/java/javax/servlet/http/HttpServlet.java,51,60,None,None
18687201_0.java,1,10,eclipse_SDK/eclipse_SDK-4.3/src/src/javax/servlet/http/HttpServlet.java,61,70,None,None
18687201_0.java,1,10,eclipse_SDK/eclipse_SDK-4.3/src/src/javax/servlet/http/HttpServlet.java,32,41,None,None
18687201_0.java,1,10,apache-tomcat-7.0.2/apache-tomcat-7.0.2-src/java/javax/servlet/http/HttpServlet.java,61,70,None,None
18687201_0.java,1,10,apache-tomcat-7.0.2/apache-tomcat-7.0.2-src/java/javax/servlet/http/HttpServlet.java,31,40,None,None
6236987_0.java,30,39,netbeans-6.9.1-201007282301/swingapp/src/org/netbeans/modules/swingapp/IconButton.java,19,35,None,None
6236987_0.java,30,39,netbeans-6.9.1-201007282301/dlight.extras/src/org/netbeans/modules/dlight/extras/api/support/ViewportBar.java,264,310,None,None
19593472_0.java,1,12,freemind-src-0/freemind/freemind/view/mindmapview/EditNodeDialog.java,42,187,None,None
19593472_0.java,1,12,findbugs-1/findbugs-1.3.9/src/java5/edu/umd/cs/findbugs/gui2/MainFrame.java,1420,1499,None,None
19593472_0.java,1,12,geotools-2/geotools-2.7-M3/modules/unsupported/caching/src/test/java/org/geotools/caching/grid/featurecache/DemoApp.java,120,143,None,None
19593472_0.java,1,12,geotools-2/geotools-2.7-M3/modules/unsupported/caching/src/test/java/org/geotools/caching/grid/featurecache/DemoApp.java,96,119,None,None
19593472_0.java,1,12,drjava-stable-20100913-r5387-src/drjava-stable-20100913-r5387/src/src/edu/rice/cs/drjava/ui/AboutDialog.java,46,82,None,None
19593472_0.java,1,12,drjava-stable-20100913-r5387-src/drjava-stable-20100913-r5387/src/src/edu/rice/cs/drjava/ui/ExternalProcessPanel.java,37,62,None,None
19593472_0.java,1,12,netbeans-6.9.1-201007282301/projectui/src/org/netbeans/modules/project/ui/NoMainProjectWarning.java,16,48,None,None
19593472_0.java,1,12,netbeans-6.9.1-201007282301/java.j2seproject/src/org/netbeans/modules/java/j2seproject/ui/customizer/MainClassChooser.java,64,93,None,None
19593472_0.java,1,12,ganttproject-2/ganttproject-2.0.9-src/org.ganttproject.chart.pert/src/org/ganttproject/chart/pert/ActivityOnNodePertChart.java,43,108,None,None
19593472_0.java,1,12,netbeans-6.9.1-201007282301/editor.completion/src/org/netbeans/modules/editor/completion/HTMLDocView.java,25,61,None,None
19593472_0.java,1,12,netbeans-6.9.1-201007282301/ruby.project/src/org/netbeans/modules/ruby/rubyproject/ui/customizer/MainClassChooser.java,31,81,None,None
19593472_0.java,1,12,netbeans-6.9.1-201007282301/maven/src/org/netbeans/modules/maven/runjar/MainClassChooser.java,32,79,None,None
19593472_0.java,1,12,netbeans-6.9.1-201007282301/profiler/src/org/netbeans/modules/profiler/utils/MainClassChooser.java,56,105,None,None
19593472_0.java,1,12,netbeans-6.9.1-201007282301/maven/src/org/netbeans/modules/maven/customizer/MainClassChooser.java,38,88,None,None
19593472_0.java,1,12,drjava-stable-20100913-r5387-src/drjava-stable-20100913-r5387/src/src/edu/rice/cs/drjava/ui/AboutDialog.java,116,175,None,None
19593472_0.java,1,12,netbeans-6.9.1-201007282301/j2ee.clientproject/src/org/netbeans/modules/j2ee/clientproject/ui/customizer/MainClassChooser.java,40,91,None,None
19593472_0.java,1,12,jmoney-0/source/net/sf/jmoney/gui/DateComboBox.java,209,279,None,None
19593472_0.java,1,12,netbeans-6.9.1-201007282301/deployment.deviceanywhere/src/org/netbeans/modules/deployment/deviceanywhere/DeviceChooser.java,26,112,None,None
19593472_0.java,1,12,columba-1/columba-1.0-src/src/mail/core/org/columba/mail/gui/composer/ComposerController.java,213,278,None,None
19593472_0.java,1,12,netbeans-6.9.1-201007282301/javahelp/src/org/netbeans/modules/javahelp/BrowserDisplayer.java,40,71,None,None
19593472_0.java,1,12,netbeans-6.9.1-201007282301/debugger.jpda.ui/src/org/netbeans/modules/debugger/jpda/ui/debugging/KeyboardPopupSwitcher.java,130,208,None,None
19593472_0.java,1,12,netbeans-6.9.1-201007282301/j2me.cdc.project.execuiimpl/src/org/netbeans/modules/j2me/cdc/project/execuiimpl/MainClassChooserImpl.java,83,195,None,None
19593472_0.java,1,12,netbeans-6.9.1-201007282301/core.ui/src/org/netbeans/core/ui/notifications/BalloonManager.java,173,240,None,None
11861598_0.java,1,19,eclipse_SDK/eclipse_SDK-4.3/src/src/org/eclipse/jface/wizard/WizardDialog.java,377,408,None,None
14019840_0.java,1,18,struts2-2.2.1-all/struts-2.2.1/src/core/src/main/java/org/apache/struts2/dispatcher/mapper/DefaultActionMapper.java,128,145,None,None
9709633_0.java,156,167,cayenne-3/cayenne-3.0.1-src/framework/cayenne-modeler/src/main/java/org/apache/cayenne/modeler/util/CellEditorForAttributeTable.java,63,74,None,None
9291241_1.java,1,12,eclipse_SDK/eclipse_SDK-4.3/src/src/libsrc/org/apache/tools/ant/taskdefs/Mkdir.java,9,36,None,None
9291241_1.java,1,12,apache-ant-1.8.4/src/main/org/apache/tools/ant/taskdefs/Mkdir.java,9,36,None,None
21613226_0.java,66,89,jstock-1.0.7c/jstock/src/org/yccheok/jstock/gui/ChangeStockInfoJDialog.java,126,155,None,None
22349391_0.java,1,11,heritrix-1/heritrix-1.14.4/src/java/org/archive/net/PublicSuffixes.java,47,81,None,None
22349391_0.java,1,11,netbeans-6.9.1-201007282301/nbbuild/antsrc/org/netbeans/nbbuild/extlibs/VerifyLibsAndLicenses.java,446,521,None,None
22349391_0.java,1,11,jchempaint-src-3/cdk/src/main/org/openscience/cdk/fingerprint/StandardSubstructureSets.java,12,36,None,None
24404964_0.java,1,36,apache-tomcat-7.0.2/apache-tomcat-7.0.2-src/java/org/apache/catalina/connector/CoyoteAdapter.java,543,578,None,None
4151399_1.java,1,12,columba-1/columba-1.0-src/src/mail/core/org/columba/mail/gui/composer/ComposerController.java,213,278,None,None
968656_1.java,1,11,eclipse_SDK/eclipse_SDK-4.3/src/src/org/eclipse/jdt/internal/ui/wizards/dialogfields/DialogField.java,36,46,None,None
968656_1.java,1,11,eclipse_SDK/eclipse_SDK-4.3/src/src/org/eclipse/jdt/internal/junit/wizards/MethodStubsSelectionButtonGroup.java,207,217,None,None
12844115_0.java,128,138,apache-log4j-1.2.16/apache-log4j-1.2.16/src/main/java/org/apache/log4j/lf5/viewer/categoryexplorer/CategoryAbstractCellEditor.java,72,82,None,None
12844115_0.java,128,138,netbeans-6.9.1-201007282301/openide.explorer/src/org/openide/explorer/propertysheet/SheetCellEditor.java,138,154,None,None
12844115_0.java,139,149,apache-log4j-1.2.16/apache-log4j-1.2.16/src/main/java/org/apache/log4j/lf5/viewer/categoryexplorer/CategoryAbstractCellEditor.java,83,93,None,None
5470268_0.java,1,11,freecs-1/freecs-1.3.20100406/src/freecs/util/HashUtils.java,5,21,None,None
8802082_2.java,1,20,junit-4/org/junit/internal/runners/statements/ExpectException.java,11,31,None,None
8802082_2.java,1,20,eclipse_SDK/eclipse_SDK-4.3/src/src/junitsrc/org/junit/internal/runners/statements/ExpectException.java,11,31,None,None
18764836_0.java,104,113,iReport-3/iReport-3.7.5-src/jasperserver-plugin/src/com/jaspersoft/ireport/jasperserver/ws/IReportTrustManager.java,113,122,None,None
853062_0.java,1,10,jstock-1.0.7c/jstock/src/org/yccheok/jstock/gui/JTableUtilities.java,173,182,None,None
21497021_1.java,29,51,jstock-1.0.7c/jstock/src/org/yccheok/jstock/gui/ChangeStockInfoJDialog.java,126,155,None,None
5660519_0.java,1,13,spring-framework-3.0.5/spring-framework-3.0.5.RELEASE/projects/org.springframework.web.servlet/src/main/java/org/springframework/web/servlet/mvc/annotation/AnnotationMethodHandlerExceptionResolver.java,223,254,None,None
4154530_0.java,9,28,eclipse_SDK/eclipse_SDK-4.3/src/src/org/eclipse/help/internal/webapp/utils/Utils.java,21,40,None,None
6092014_0.java,1,10,eclipse_SDK/eclipse_SDK-4.3/src/src/org/eclipse/ui/internal/registry/ViewParameterValues.java,8,17,None,None
9408212_0.java,1,10,JGroups-2/JGroups-2.10.0.GA.src/tests/junit-functional/org/jgroups/tests/NakReceiverWindowTest.java,186,211,None,None
9408212_0.java,1,10,hsqldb-2/hsqldb-2.0.0/hsqldb/src/org/hsqldb/test/TestSqlPersistent.java,239,343,None,None
9408212_0.java,1,10,hsqldb-2/hsqldb-2.0.0/hsqldb/src/org/hsqldb/test/TestSql.java,247,352,None,None
8758512_0.java,1,12,jfreechart-1/jfreechart-1.0.13/source/org/jfree/data/time/RegularTimePeriod.java,9,20,None,None
20489238_0.java,59,71,eclipse_SDK/eclipse_SDK-4.3/src/src/org/eclipse/ui/internal/views/markers/ViewerColumnsDialog.java,627,640,None,None
909376_0.java,1,21,netbeans-6.9.1-201007282301/css.visual/src/org/netbeans/modules/css/Utilities.java,33,51,None,None
16207578_0.java,1,10,eclipse_SDK/eclipse_SDK-4.3/src/src/javax/servlet/http/HttpServlet.java,32,41,None,None
16207578_0.java,1,10,apache-tomcat-7.0.2/apache-tomcat-7.0.2-src/java/javax/servlet/http/HttpServlet.java,31,40,None,None
16207578_0.java,1,10,eclipse_SDK/eclipse_SDK-4.3/src/src/javax/servlet/http/HttpServlet.java,61,70,None,None
16207578_0.java,1,10,eclipse_SDK/eclipse_SDK-4.3/src/src/javax/servlet/http/HttpServlet.java,51,60,None,None
16207578_0.java,1,10,eclipse_SDK/eclipse_SDK-4.3/src/src/javax/servlet/http/HttpServlet.java,71,81,None,None
16207578_0.java,1,10,apache-tomcat-7.0.2/apache-tomcat-7.0.2-src/java/javax/servlet/http/HttpServlet.java,61,70,None,None
16207578_0.java,1,10,apache-tomcat-7.0.2/apache-tomcat-7.0.2-src/java/javax/servlet/http/HttpServlet.java,51,60,None,None
16207578_0.java,1,10,apache-tomcat-7.0.2/apache-tomcat-7.0.2-src/java/javax/servlet/http/HttpServlet.java,71,81,None,None
16860613_0.java,55,74,eclipse_SDK/eclipse_SDK-4.3/src/src/org/eclipse/jface/viewers/StyledString.java,55,74,None,None
16860613_0.java,96,117,eclipse_SDK/eclipse_SDK-4.3/src/src/org/eclipse/jface/viewers/StyledString.java,96,117,None,None
16860613_0.java,118,165,eclipse_SDK/eclipse_SDK-4.3/src/src/org/eclipse/jface/viewers/StyledString.java,118,165,None,None
16860613_0.java,166,188,eclipse_SDK/eclipse_SDK-4.3/src/src/org/eclipse/jface/viewers/StyledString.java,166,188,None,None
16860613_0.java,189,204,eclipse_SDK/eclipse_SDK-4.3/src/src/org/eclipse/jface/viewers/StyledString.java,189,204,None,None
16860613_0.java,215,225,eclipse_SDK/eclipse_SDK-4.3/src/src/org/eclipse/jface/viewers/StyledString.java,215,225,None,None
5771041_0.java,1,20,hibernate-release-4/hibernate-release-4.2.2.Final/project/documentation/src/main/docbook/devguide/en-US/chapters/events/extras/JpaCallbacksExample.java,1,28,None,None
16198305_0.java,7,16,netbeans-6.9.1-201007282301/java.source/test/unit/data/jdk/JTable.java,1630,1639,None,None
12728036_0.java,1,11,megamek-0.35.18/src/megamek/client/ui/swing/MegaMekGUI.java,58,113,None,None
4767105_0.java,1,16,netbeans-6.9.1-201007282301/j2ee.sun.ddui/src/org/netbeans/modules/j2ee/sun/validation/util/Utils.java,71,87,None,None
24330611_0.java,180,193,jung2-2_0_1/jung-samples-2.0.1/edu/uci/ics/jung/samples/TreeCollapseDemo.java,127,138,None,None
24330611_0.java,180,193,jung2-2_0_1/jung-samples-2.0.1/edu/uci/ics/jung/samples/TreeCollapseDemo.java,88,184,None,None
24330611_0.java,197,213,jung2-2_0_1/jung-samples-2.0.1/edu/uci/ics/jung/samples/TreeCollapseDemo.java,142,157,None,None
24330611_0.java,197,213,jung2-2_0_1/jung-samples-2.0.1/edu/uci/ics/jung/samples/TreeCollapseDemo.java,88,184,None,None
24330611_0.java,217,227,jung2-2_0_1/jung-samples-2.0.1/edu/uci/ics/jung/samples/TreeCollapseDemo.java,161,171,None,None
24330611_0.java,217,227,jung2-2_0_1/jung-samples-2.0.1/edu/uci/ics/jung/samples/TreeCollapseDemo.java,88,184,None,None
24330611_0.java,256,269,jung2-2_0_1/jung-samples-2.0.1/edu/uci/ics/jung/samples/TreeLayoutDemo.java,161,172,None,None
24330611_0.java,256,269,jung2-2_0_1/jung-samples-2.0.1/edu/uci/ics/jung/samples/TreeCollapseDemo.java,199,211,None,None
24330611_0.java,256,269,jung2-2_0_1/jung-samples-2.0.1/edu/uci/ics/jung/samples/L2RTreeLayoutDemo.java,170,181,None,None
24330611_0.java,320,333,jung2-2_0_1/jung-samples-2.0.1/edu/uci/ics/jung/samples/TreeCollapseDemo.java,247,260,None,None
24330611_0.java,137,240,jung2-2_0_1/jung-samples-2.0.1/edu/uci/ics/jung/samples/TreeCollapseDemo.java,88,184,None,None
8584917_0.java,1,12,poi-3.6-20091214/poi-3.6/src/ooxml/java/org/apache/poi/xssf/usermodel/XSSFCell.java,229,240,None,None
249149_0.java,1,11,spring-framework-3.0.5/spring-framework-3.0.5.RELEASE/projects/org.springframework.transaction/src/main/java/org/springframework/jca/cci/core/CciTemplate.java,193,203,None,None
21833777_0.java,1,10,netbeans-6.9.1-201007282301/lib.terminalemulator/src/org/netbeans/lib/terminalemulator/support/FontPanel.java,180,212,None,None
21833777_0.java,1,10,ArgoUML-0.34-src/argouml/src/argouml-app/src/org/argouml/ui/ArgoToolbarManager.java,69,123,None,None
21833777_0.java,1,10,weka-3-7-9/main/java/weka/gui/beans/KnowledgeFlowApp.java,2485,2699,None,None
21833777_0.java,1,10,netbeans-6.9.1-201007282301/subversion/src/org/netbeans/modules/subversion/ui/blame/AnnotationBar.java,245,269,None,None
21833777_0.java,1,10,netbeans-6.9.1-201007282301/tasklist.ui/src/org/netbeans/modules/tasklist/ui/TaskListTopComponent.java,52,74,None,None
24932478_0.java,150,172,jstock-1.0.7c/jstock/src/org/yccheok/jstock/gui/ChangeStockInfoJDialog.java,126,155,None,None
23173397_0.java,1,11,hibernate-release-4/hibernate-release-4.2.2.Final/project/hibernate-core/src/test/java/org/hibernate/test/dialect/functional/SQLServerDialectTest.java,237,285,None,None
18921519_0.java,72,85,apache-tomcat-7.0.2/apache-tomcat-7.0.2-src/test/org/apache/catalina/tribes/demos/MapDemo.java,339,352,None,None
10488746_1.java,13,27,netbeans-6.9.1-201007282301/form/test/unit/src/org/netbeans/modules/form/layoutdesign/ALT_Bug124689.java,6,156,None,None
10488746_1.java,28,50,jstock-1.0.7c/jstock/src/org/yccheok/jstock/gui/ChangeStockInfoJDialog.java,126,155,None,None
23169361_1.java,2,11,jboss-5/jboss-5.1.0.GA-src/testsuite/src/etc/cluster-harness/src/org/jboss/harness/JNDITestHarness.java,30,76,None,None
23169361_1.java,2,11,jboss-5/jboss-5.1.0.GA-src/testsuite/src/etc/cluster-harness/src/org/jboss/harness/HAJNDITestHarness.java,61,107,None,None
23169361_1.java,2,11,jboss-5/jboss-5.1.0.GA-src/testsuite/src/etc/cluster-harness/src/org/jboss/harness/EJBTestHarness.java,24,70,None,None
23169361_1.java,2,11,aoisrc281/SPManager/src/artofillusion/spmanager/SPMParameters.java,90,197,None,None
11187462_0.java,44,61,c-jdbc-2/c-jdbc-2.0.2-src/src/org/objectweb/cjdbc/common/util/LoggingOutputStream.java,36,52,None,None
11187462_0.java,44,61,apache-log4j-1.2.16/apache-log4j-1.2.16/contribs/JimMoore/LoggingOutputStream.java,32,48,None,None
14615978_0.java,41,64,jstock-1.0.7c/jstock/src/org/yccheok/jstock/gui/ChangeStockInfoJDialog.java,126,155,None,None
15847229_0.java,54,76,jstock-1.0.7c/jstock/src/org/yccheok/jstock/gui/ChangeStockInfoJDialog.java,126,155,None,None
11825416_0.java,1,13,geotools-2/geotools-2.7-M3/modules/unsupported/swing/src/main/java/org/jdesktop/swingworker/SwingWorker.java,163,175,None,None
11368428_1.java,1,27,jfreechart-1/jfreechart-1.0.13/swt/org/jfree/experimental/chart/swt/demo/SWTBarChartDemo1.java,19,45,None,None
11368428_1.java,1,27,jfreechart-1/jfreechart-1.0.13/source/org/jfree/chart/demo/BarChartDemo1.java,29,55,None,None
10924700_0.java,1,18,spring-framework-3.0.5/spring-framework-3.0.5.RELEASE/projects/org.springframework.oxm/src/main/java/org/springframework/oxm/jaxb/Jaxb2Marshaller.java,253,270,None,None
6341739_0.java,1,11,xalan-j_2_7_1/xalan-j_2_7_1/src/org/apache/xpath/functions/ObjectFactory.java,72,159,None,None
6341739_0.java,1,11,xalan-j_2_7_1/xalan-j_2_7_1/src/org/apache/xml/utils/ObjectFactory.java,72,159,None,None
6341739_0.java,1,11,xalan-j_2_7_1/xalan-j_2_7_1/src/org/apache/xml/serializer/ObjectFactory.java,72,159,None,None
6341739_0.java,1,11,xalan-j_2_7_1/xalan-j_2_7_1/src/org/apache/xml/dtm/ref/ObjectFactory.java,72,159,None,None
6341739_0.java,1,11,xalan-j_2_7_1/xalan-j_2_7_1/src/org/apache/xml/dtm/ObjectFactory.java,72,159,None,None
6341739_0.java,1,11,xalan-j_2_7_1/xalan-j_2_7_1/src/org/apache/xalan/xsltc/trax/ObjectFactory.java,72,159,None,None
6341739_0.java,1,11,xalan-j_2_7_1/xalan-j_2_7_1/src/org/apache/xalan/xsltc/runtime/ObjectFactory.java,72,159,None,None
6341739_0.java,1,11,xalan-j_2_7_1/xalan-j_2_7_1/src/org/apache/xalan/xsltc/dom/ObjectFactory.java,72,159,None,None
6341739_0.java,1,11,xalan-j_2_7_1/xalan-j_2_7_1/src/org/apache/xalan/xsltc/compiler/util/ObjectFactory.java,72,159,None,None
6341739_0.java,1,11,xalan-j_2_7_1/xalan-j_2_7_1/src/org/apache/xalan/xsltc/compiler/ObjectFactory.java,72,159,None,None
6341739_0.java,1,11,xalan-j_2_7_1/xalan-j_2_7_1/src/org/apache/xalan/xsltc/cmdline/ObjectFactory.java,72,159,None,None
6341739_0.java,1,11,xalan-j_2_7_1/xalan-j_2_7_1/src/org/apache/xalan/xslt/ObjectFactory.java,72,159,None,None
6341739_0.java,1,11,xalan-j_2_7_1/xalan-j_2_7_1/src/org/apache/xalan/lib/sql/ObjectFactory.java,72,159,None,None
6341739_0.java,1,11,xalan-j_2_7_1/xalan-j_2_7_1/src/org/apache/xalan/lib/ObjectFactory.java,72,159,None,None
6341739_0.java,1,11,xalan-j_2_7_1/xalan-j_2_7_1/src/org/apache/xalan/extensions/ObjectFactory.java,72,159,None,None
2440228_0.java,1,11,netbeans-6.9.1-201007282301/openide.dialogs/src/org/openide/WizardDescriptor.java,196,223,None,None
2440228_0.java,1,11,netbeans-6.9.1-201007282301/openide.dialogs/src/org/openide/WizardDescriptor.java,191,237,None,None
2440228_0.java,1,11,drjava-stable-20100913-r5387-src/drjava-stable-20100913-r5387/src/src/edu/rice/cs/drjava/ui/MainFrameTest.java,696,720,None,None
2440228_0.java,1,11,drjava-stable-20100913-r5387-src/drjava-stable-20100913-r5387/src/src/edu/rice/cs/drjava/ui/MainFrameTest.java,673,741,None,None
2440228_0.java,1,11,drjava-stable-20100913-r5387-src/drjava-stable-20100913-r5387/src/src/edu/rice/cs/drjava/ui/MainFrameTest.java,556,581,None,None
2440228_0.java,1,11,drjava-stable-20100913-r5387-src/drjava-stable-20100913-r5387/src/src/edu/rice/cs/drjava/ui/MainFrameTest.java,626,651,None,None
2440228_0.java,1,11,drjava-stable-20100913-r5387-src/drjava-stable-20100913-r5387/src/src/edu/rice/cs/drjava/ui/MainFrameTest.java,603,672,None,None
2440228_0.java,1,11,drjava-stable-20100913-r5387-src/drjava-stable-20100913-r5387/src/src/edu/rice/cs/drjava/ui/MainFrameTest.java,534,602,None,None
7504040_0.java,5,17,junit-4/org/junit/rules/ExternalResource.java,8,20,None,None
7504040_0.java,5,17,eclipse_SDK/eclipse_SDK-4.3/src/src/junitsrc/org/junit/rules/ExternalResource.java,8,20,None,None
6926848_0.java,1,18,eclipse_SDK/eclipse_SDK-4.3/src/src/org/apache/http/client/utils/URLEncodedUtils.java,73,90,None,None
16875949_0.java,75,97,jstock-1.0.7c/jstock/src/org/yccheok/jstock/gui/ChangeStockInfoJDialog.java,126,155,None,None
15260207_0.java,145,155,freemind-src-0/freemind/accessories/plugins/dialogs/ArrayListTransferHandler.java,90,100,None,None
15260207_0.java,176,196,freemind-src-0/freemind/accessories/plugins/dialogs/ArrayListTransferHandler.java,107,127,None,None
3788516_0.java,1,12,hibernate-release-4/hibernate-release-4.2.2.Final/project/documentation/src/main/docbook/devguide/en-US/extras/flush_and_clear_session.java,1,12,None,None
17839323_0.java,9,25,netbeans-6.9.1-201007282301/java.source/test/unit/data/jdk/JTable.java,1434,1450,None,None
12517973_0.java,1,10,colt-1/colt/src/cern/colt/list/AbstractShortList.java,35,50,None,None
12517973_0.java,1,10,colt-1/colt/src/cern/colt/list/AbstractLongList.java,35,50,None,None
12517973_0.java,1,10,colt-1/colt/src/cern/colt/list/AbstractIntList.java,38,53,None,None
12517973_0.java,1,10,colt-1/colt/src/cern/colt/list/AbstractFloatList.java,35,50,None,None
12517973_0.java,1,10,colt-1/colt/src/cern/colt/list/AbstractDoubleList.java,38,53,None,None
12517973_0.java,1,10,colt-1/colt/src/cern/colt/list/AbstractCharList.java,35,50,None,None
12517973_0.java,1,10,colt-1/colt/src/cern/colt/list/AbstractByteList.java,35,50,None,None
12517973_0.java,1,10,colt-1/colt/src/cern/colt/list/AbstractBooleanList.java,34,50,None,None
12517973_0.java,1,10,colt-1/colt/src/cern/colt/list/ObjectArrayList.java,52,68,None,None
20296220_0.java,1,10,eclipse_SDK/eclipse_SDK-4.3/src/src/javax/servlet/http/HttpServlet.java,32,41,None,None
20296220_0.java,1,10,apache-tomcat-7.0.2/apache-tomcat-7.0.2-src/java/javax/servlet/http/HttpServlet.java,31,40,None,None
20296220_0.java,1,10,eclipse_SDK/eclipse_SDK-4.3/src/src/javax/servlet/http/HttpServlet.java,61,70,None,None
20296220_0.java,1,10,eclipse_SDK/eclipse_SDK-4.3/src/src/javax/servlet/http/HttpServlet.java,51,60,None,None
20296220_0.java,1,10,eclipse_SDK/eclipse_SDK-4.3/src/src/javax/servlet/http/HttpServlet.java,71,81,None,None
20296220_0.java,1,10,apache-tomcat-7.0.2/apache-tomcat-7.0.2-src/java/javax/servlet/http/HttpServlet.java,61,70,None,None
20296220_0.java,1,10,apache-tomcat-7.0.2/apache-tomcat-7.0.2-src/java/javax/servlet/http/HttpServlet.java,51,60,None,None
20296220_0.java,1,10,apache-tomcat-7.0.2/apache-tomcat-7.0.2-src/java/javax/servlet/http/HttpServlet.java,71,81,None,None
18137301_0.java,3,15,antlr4-4.0/tool/test/org/antlr/v4/test/TestPerformance.java,558,570,None,None
