4083418_0.java,1,28,apache-log4j-1.2.16/apache-log4j-1.2.16/src/main/java/org/apache/log4j/DailyRollingFileAppender.java,105,132
16930707_0.java,22,37,hibernate-release-4/hibernate-release-4.2.2.Final/project/hibernate-envers/src/test/java/org/hibernate/envers/test/integration/basic/RegisterUserEventListenersTest.java,21,35
16930707_0.java,41,59,hibernate-release-4/hibernate-release-4.2.2.Final/project/hibernate-envers/src/test/java/org/hibernate/envers/test/integration/basic/RegisterUserEventListenersTest.java,39,53
21655754_0.java,1,10,hibernate-release-4/hibernate-release-4.2.2.Final/project/hibernate-core/src/main/java/org/hibernate/cfg/Configuration.java,1191,1209
24963319_3.java,1,17,geotools-2/geotools-2.7-M3/modules/unsupported/swing/src/main/java/org/jdesktop/swingworker/SwingWorker.java,63,79
16630078_0.java,1,11,netbeans-6.9.1-201007282301/terminal/src/org/netbeans/modules/terminal/ioprovider/Terminal.java,520,549
20458485_0.java,1,12,hibernate-release-4/hibernate-release-4.2.2.Final/project/documentation/src/main/docbook/devguide/en-US/extras/flush_and_clear_session.java,1,12
24647708_1.java,1,11,FitLibrary20100806/fitnesse/lib/src/fitlibrarySrc/fitlibrary/batch/resultsOut/FolderTestResultRepository.java,55,65
24647708_1.java,1,11,netbeans-6.9.1-201007282301/form/test/qa-functional/src/org/netbeans/qa/form/VisualDevelopmentUtil.java,16,26
24647708_1.java,1,11,jag-6/jag-6.1/src/com/finalist/jaggenerator/LibCopier.java,63,73
10777834_0.java,7,19,checkstyle-src-5/checkstyle-src-5.1/src/checkstyle/com/puppycrawl/tools/checkstyle/checks/javadoc/JavadocStyleCheck.java,36,50
11319346_0.java,121,142,apache-jmeter-2.9/apache-jmeter-2.9/src/jorphan/org/apache/jorphan/gui/layout/VerticalLayout.java,88,109
11319346_0.java,143,179,apache-jmeter-2.9/apache-jmeter-2.9/src/jorphan/org/apache/jorphan/gui/layout/VerticalLayout.java,33,69
6025026_0.java,212,233,jung2-2_0_1/jung-samples-2.0.1/edu/uci/ics/jung/samples/ShortestPathDemo.java,158,179
6025026_0.java,221,230,jung2-2_0_1/jung-samples-2.0.1/edu/uci/ics/jung/samples/ShortestPathDemo.java,167,176
6025026_0.java,221,230,jung2-2_0_1/jung-samples-2.0.1/edu/uci/ics/jung/samples/ShortestPathDemo.java,158,179
20513679_0.java,103,112,iReport-3/iReport-3.7.5-src/jasperserver-plugin/src/com/jaspersoft/ireport/jasperserver/ws/IReportTrustManager.java,113,122
13460384_0.java,1,12,spring-framework-3.0.5/spring-framework-3.0.5.RELEASE/projects/org.springframework.web.servlet/src/main/java/org/springframework/web/servlet/support/WebContentGenerator.java,99,110
24755224_0.java,1,11,netbeans-6.9.1-201007282301/cnd.modelimpl/src/org/netbeans/modules/cnd/modelimpl/uid/LazyCsmCollection.java,115,125
2761630_0.java,1,11,hibernate-release-4/hibernate-release-4.2.2.Final/project/documentation/src/main/docbook/devguide/en-US/extras/using_a_StatelessSession.java,1,11
12427981_1.java,17,33,c-jdbc-2/c-jdbc-2.0.2-src/src/org/objectweb/cjdbc/common/util/LoggingOutputStream.java,36,52
12427981_1.java,17,33,apache-log4j-1.2.16/apache-log4j-1.2.16/contribs/JimMoore/LoggingOutputStream.java,32,48
12835370_0.java,1,12,jstock-1.0.7c/jstock/src/org/yccheok/jstock/gui/Utils.java,588,599
12835370_0.java,1,12,hsqldb-2/hsqldb-2.0.0/hsqldb/src/org/hsqldb/test/HsqldbTestCase.java,11,22
12835370_0.java,1,12,heritrix-1/heritrix-1.14.4/src/java/org/archive/util/FileUtils.java,223,234
12835370_0.java,1,12,db-derby-10/db-derby-10.6.1.0-src/java/testing/org/apache/derbyTesting/functionTests/tests/junitTests/compatibility/CompatibilityCombinations.java,813,824
12835370_0.java,1,12,c-jdbc-2/c-jdbc-2.0.2-src/src/org/objectweb/cjdbc/common/util/FileManagement.java,4,15
10396359_0.java,1,35,apache-roller-4.0.1/apache-roller-src-4.0.1/tomcat/work/Catalina/localhost/roller/org/apache/jsp/WEB_002dINF/jsps/tiles/empty_jsp.java,20,54
7037010_0.java,1,10,apache-log4j-1.2.16/apache-log4j-1.2.16/src/main/java/org/apache/log4j/Category.java,40,56
21645699_2.java,86,108,jstock-1.0.7c/jstock/src/org/yccheok/jstock/gui/ChangeStockInfoJDialog.java,126,155
25150803_0.java,35,50,netbeans-6.9.1-201007282301/spellchecker/src/org/netbeans/modules/spellchecker/options/CheckBoxRenderrer.java,22,37
25150803_0.java,35,50,netbeans-6.9.1-201007282301/java.navigation/src/org/netbeans/modules/java/stackanalyzer/AnalyserCellRenderer.java,29,44
15373186_0.java,104,113,iReport-3/iReport-3.7.5-src/jasperserver-plugin/src/com/jaspersoft/ireport/jasperserver/ws/IReportTrustManager.java,113,122
2113093_0.java,1,11,weka-3-7-9/main/java/weka/core/matrix/SingularValueDecomposition.java,354,364
5713930_0.java,1,16,hibernate-release-4/hibernate-release-4.2.2.Final/project/documentation/src/main/docbook/devguide/en-US/extras/using_scroll.java,1,16
21787713_0.java,1,14,spring-framework-3.0.5/spring-framework-3.0.5.RELEASE/projects/org.springframework.web.servlet/src/main/java/org/springframework/web/servlet/DispatcherServlet.java,119,132
15990507_1.java,60,82,jstock-1.0.7c/jstock/src/org/yccheok/jstock/gui/ChangeStockInfoJDialog.java,126,155
21777900_0.java,1,12,hibernate-release-4/hibernate-release-4.2.2.Final/project/documentation/src/main/docbook/devguide/en-US/extras/flush_and_clear_session.java,1,12
5708120_0.java,30,39,hadoop-1/hadoop-1.0.0/src/examples/org/apache/hadoop/examples/WordCount.java,31,40
13524878_0.java,1,16,netbeans-6.9.1-201007282301/java.source/test/unit/data/jdk/JTable.java,1469,1484
14845581_1.java,1,11,hadoop-1/hadoop-1.0.0/src/mapred/org/apache/hadoop/mapreduce/JobSubmissionFiles.java,36,62
18970685_0.java,1,10,lucene-4.3.0/lucene-4.3.0/core/src/java/org/apache/lucene/store/FSDirectory.java,35,44
18970685_0.java,1,10,eclipse_SDK/eclipse_SDK-4.3/src/src/org/apache/lucene/store/FSDirectory.java,36,45
14330686_0.java,1,12,hibernate-release-4/hibernate-release-4.2.2.Final/project/documentation/src/main/docbook/devguide/en-US/extras/flush_and_clear_session.java,1,12
16688737_0.java,20,40,spring-framework-3.0.5/spring-framework-3.0.5.RELEASE/projects/org.springframework.context/src/test/java/org/springframework/context/annotation/AnnotationConfigApplicationContextTests.java,200,220
16688737_0.java,20,40,hibernate-release-4/hibernate-release-4.2.2.Final/project/hibernate-core/src/test/java/org/hibernate/test/pagination/Entry.java,38,58
3751463_0.java,1,18,spring-framework-3.0.5/spring-framework-3.0.5.RELEASE/projects/org.springframework.context/src/main/java/org/springframework/scheduling/config/ScheduledTasksBeanDefinitionParser.java,22,67
15131432_0.java,23,42,struts2-2.2.1-all/struts-2.2.1/src/core/src/main/java/org/apache/struts2/views/freemarker/FreemarkerManager.java,163,177
24963319_2.java,1,13,geotools-2/geotools-2.7-M3/modules/unsupported/swing/src/main/java/org/jdesktop/swingworker/SwingWorker.java,163,175
10952561_0.java,40,49,spring-framework-3.0.5/spring-framework-3.0.5.RELEASE/projects/org.springframework.orm/src/main/java/org/springframework/orm/hibernate3/HibernateTemplate.java,760,769
6236324_0.java,83,92,aoisrc281/ArtOfIllusion/src/artofillusion/image/MovieEncoder.java,91,100
6236324_0.java,93,110,aoisrc281/ArtOfIllusion/src/artofillusion/image/MovieEncoder.java,101,118
6236324_0.java,114,123,aoisrc281/ArtOfIllusion/src/artofillusion/image/MovieEncoder.java,122,131
6236324_0.java,124,137,aoisrc281/ArtOfIllusion/src/artofillusion/image/MovieEncoder.java,132,145
11696992_0.java,86,108,jstock-1.0.7c/jstock/src/org/yccheok/jstock/gui/ChangeStockInfoJDialog.java,126,155
17966859_0.java,6,18,iReport-3/iReport-3.7.5-src/ireport-designer/src/com/jaspersoft/ireport/designer/subreport/TableComboBoxRenderer.java,11,22
10777586_0.java,1,17,weka-3-7-9/main/java/weka/core/Instances.java,1062,1132
18515375_0.java,1,11,lucene-4.3.0/lucene-4.3.0/analysis/common/src/java/org/apache/lucene/analysis/synonym/WordnetSynonymParser.java,56,71
18515375_0.java,1,11,eclipse_SDK/eclipse_SDK-4.3/src/src/org/apache/lucene/analysis/synonym/WordnetSynonymParser.java,56,71
23967852_0.java,1,20,hibernate-release-4/hibernate-release-4.2.2.Final/project/hibernate-core/src/main/java/org/hibernate/dialect/pagination/SQLServer2005LimitHandler.java,42,62
4608146_0.java,1,13,eclipse_SDK/eclipse_SDK-4.3/src/src/org/eclipse/help/internal/base/remote/HttpsUtility.java,81,100
4608146_0.java,1,13,eclipse_SDK/eclipse_SDK-4.3/src/src/org/eclipse/help/internal/base/remote/HttpsUtility.java,17,37
4608146_0.java,1,13,eclipse_SDK/eclipse_SDK-4.3/src/src/org/eclipse/help/internal/base/remote/HttpsUtility.java,61,80
4608146_0.java,1,13,eclipse_SDK/eclipse_SDK-4.3/src/src/org/eclipse/help/internal/base/remote/HttpsUtility.java,101,120
4608146_0.java,1,13,eclipse_SDK/eclipse_SDK-4.3/src/src/org/eclipse/help/internal/base/remote/HttpsUtility.java,38,60
4608146_0.java,1,13,eclipse_SDK/eclipse_SDK-4.3/src/src/org/eclipse/help/internal/base/remote/HttpsUtility.java,121,149
4608146_0.java,1,13,Vuze_4812_source/com/aelitis/azureus/core/util/http/HTTPAuthHelper.java,270,323
4608146_0.java,1,13,Vuze_4812_source/org/gudy/azureus2/core3/security/impl/SESecurityManagerImpl.java,515,570
4608146_0.java,1,13,Vuze_4812_source/org/gudy/azureus2/core3/security/impl/SESecurityManagerImpl.java,417,514
4608146_0.java,1,13,Compiere_330_Source/release_330/base/src/org/compiere/process/RegisterSystem.java,22,118
8416340_0.java,4,23,findbugs-1/findbugs-1.3.9/src/antTask/edu/umd/cs/findbugs/anttask/UnionBugs.java,65,81
22230019_0.java,1,19,eclipse_SDK/eclipse_SDK-4.3/src/src/org/eclipse/swt/widgets/Widget.java,424,442
25719073_1.java,1,20,eclipse_SDK/eclipse_SDK-4.3/src/src/org/eclipse/swt/widgets/Widget.java,309,328
8065120_1.java,1,11,eclipse_SDK/eclipse_SDK-4.3/src/src/org/eclipse/ui/forms/widgets/FormToolkit.java,287,297
5309185_0.java,1,11,megamek-0.35.18/src/megamek/client/ui/swing/MegaMekGUI.java,58,113
2398335_0.java,1,16,hibernate-release-4/hibernate-release-4.2.2.Final/project/documentation/src/main/docbook/devguide/en-US/extras/using_scroll.java,1,16
16180910_0.java,1,15,hadoop-1/hadoop-1.0.0/src/mapred/org/apache/hadoop/mapreduce/lib/input/LineRecordReader.java,27,57
16180910_0.java,1,15,hadoop-1/hadoop-1.0.0/src/mapred/org/apache/hadoop/mapred/LineRecordReader.java,35,63
18233591_0.java,1,11,apache-tomcat-7.0.2/apache-tomcat-7.0.2-src/java/org/apache/catalina/core/StandardContextValve.java,36,129
18202284_0.java,1,12,netbeans-6.9.1-201007282301/dlight.visualizers/src/org/netbeans/modules/dlight/visualizers/ThreadMapTopComponent.java,31,42
18202284_0.java,1,12,netbeans-6.9.1-201007282301/dlight.visualizers/src/org/netbeans/modules/dlight/visualizers/CallStackTopComponent.java,28,39
18202284_0.java,1,12,jhotdraw-7.5.1/jhotdraw_7.5.1/Source/jhotdraw7/src/main/java/org/jhotdraw/samples/color/CIEXYChromaticityDiagram.java,29,41
12428601_0.java,1,12,jstock-1.0.7c/jstock/src/org/yccheok/jstock/gui/Utils.java,588,599
12428601_0.java,1,12,hsqldb-2/hsqldb-2.0.0/hsqldb/src/org/hsqldb/test/HsqldbTestCase.java,11,22
12428601_0.java,1,12,heritrix-1/heritrix-1.14.4/src/java/org/archive/util/FileUtils.java,223,234
12428601_0.java,1,12,db-derby-10/db-derby-10.6.1.0-src/java/testing/org/apache/derbyTesting/functionTests/tests/junitTests/compatibility/CompatibilityCombinations.java,813,824
12428601_0.java,1,12,c-jdbc-2/c-jdbc-2.0.2-src/src/org/objectweb/cjdbc/common/util/FileManagement.java,4,15
23473251_1.java,176,203,jstock-1.0.7c/jstock/src/org/yccheok/jstock/gui/ChangeStockInfoJDialog.java,126,155
23520731_0.java,1,75,hibernate-release-4/hibernate-release-4.2.2.Final/project/hibernate-core/src/main/java/org/hibernate/tool/hbm2ddl/SchemaUpdate.java,115,190
15039172_0.java,27,49,jstock-1.0.7c/jstock/src/org/yccheok/jstock/gui/ChangeStockInfoJDialog.java,126,155
3758110_0.java,1,19,spring-framework-3.0.5/spring-framework-3.0.5.RELEASE/projects/org.springframework.web.servlet/src/main/java/org/springframework/web/servlet/mvc/annotation/DefaultAnnotationHandlerMapping.java,65,95
15185345_0.java,21,33,Compiere_330_Source/release_330/ad/src/org/compiere/util/CachedRowSetImpl.java,512,525
10930216_1.java,1,17,weka-3-7-9/main/java/weka/core/Instances.java,1062,1132
5886302_0.java,1,15,eclipse_SDK/eclipse_SDK-4.3/src/src/org/eclipse/jface/wizard/WizardSelectionPage.java,29,43
6097643_0.java,1,20,eclipse_SDK/eclipse_SDK-4.3/src/src/org/apache/http/impl/client/AbstractHttpClient.java,110,128
92962_0.java,22,61,jung2-2_0_1/jung-samples-2.0.1/edu/uci/ics/jung/samples/LensDemo.java,278,317
92962_0.java,22,61,jgraphpad-5/jgraphpad-5.10.0.2-src/src/org/jgraph/pad/graphcellsbase/JGraphSwimlaneView.java,93,132
25373489_0.java,50,66,weka-3-7-9/main/java/weka/gui/beans/KnowledgeFlowApp.java,2040,2061
15889119_0.java,1,17,jgrapht-0/jgrapht-0.8.1/src/org/jgrapht/experimental/touchgraph/TouchgraphConverter.java,6,35
22585813_0.java,1,16,netbeans-6.9.1-201007282301/o.mozilla.rhino.patched/patched_files/org/mozilla/nb/javascript/ScriptRuntime.java,774,789
25056629_1.java,1,14,iText-src-5/src/core/com/itextpdf/text/pdf/PdfWriter.java,538,551
8685131_0.java,1,10,netbeans-6.9.1-201007282301/form/test/qa-functional/data/SampleProject/src/org/netbeans/test/editor/formatting/testReformat2.java,11,50
609430_0.java,1,17,hibernate-release-4/hibernate-release-4.2.2.Final/project/hibernate-core/src/main/java/org/hibernate/event/internal/DefaultLoadEventListener.java,277,293
11741948_0.java,1,12,apache-log4j-1.2.16/apache-log4j-1.2.16/src/main/java/org/apache/log4j/lf5/util/StreamUtils.java,12,23
21185724_0.java,1,10,spring-framework-3.0.5/spring-framework-3.0.5.RELEASE/projects/org.springframework.beans/src/main/java/org/springframework/beans/factory/support/AbstractBeanFactory.java,98,191
14969416_0.java,1,16,jstock-1.0.7c/jstock/src/org/yccheok/jstock/gui/ChangeStockInfoJDialog.java,126,155
12593810_0.java,1,12,poi-3.6-20091214/poi-3.6/src/ooxml/java/org/apache/poi/ss/usermodel/WorkbookFactory.java,18,29
23744131_0.java,135,157,jstock-1.0.7c/jstock/src/org/yccheok/jstock/gui/ChangeStockInfoJDialog.java,126,155
25414160_0.java,1,11,netbeans-6.9.1-201007282301/j2ee.ddloaders/src/org/netbeans/modules/j2ee/ddloaders/web/multiview/SecurityRolesEditorPanel.java,54,130
25414160_0.java,1,11,jag-6/jag-6.1/src/com/finalist/jaggenerator/modules/DatabaseManagerFrame.java,97,162
25414160_0.java,1,11,netbeans-6.9.1-201007282301/web.project/src/org/netbeans/modules/web/project/ui/wizards/PanelSupportedFrameworksVisual.java,110,164
25414160_0.java,1,11,netbeans-6.9.1-201007282301/websvc.wsitconf/src/org/netbeans/modules/websvc/wsitconf/ui/service/subpanels/TargetsPanel.java,66,154
25414160_0.java,1,11,netbeans-6.9.1-201007282301/java.source/src/org/netbeans/modules/java/ui/FmtImports.java,11,99
25414160_0.java,1,11,netbeans-6.9.1-201007282301/editor.macros/src/org/netbeans/modules/editor/macros/storage/ui/MacrosPanel.java,99,180
25414160_0.java,1,11,netbeans-6.9.1-201007282301/web.struts/src/org/netbeans/modules/web/struts/wizards/FormBeanPropertiesPanelVisual.java,39,107
25414160_0.java,1,11,netbeans-6.9.1-201007282301/tasklist.todo/src/org/netbeans/modules/tasklist/todo/settings/ToDoCustomizer.java,69,151
25414160_0.java,1,11,netbeans-6.9.1-201007282301/form/test/unit/src/org/netbeans/modules/form/layoutdesign/ALT_Bug124689.java,6,156
25414160_0.java,1,11,netbeans-6.9.1-201007282301/identity.server.manager/src/org/netbeans/modules/identity/server/manager/ui/ProfileEditorPanel.java,327,531
25414160_0.java,1,11,netbeans-6.9.1-201007282301/vmd.midpnb/src/org/netbeans/modules/vmd/midpnb/propertyeditors/SVGFormEditorElement.java,528,686
25414160_0.java,1,11,netbeans-6.9.1-201007282301/web.project/src/org/netbeans/modules/web/project/ui/customizer/CustomizerLibraries.java,276,727
25414160_0.java,1,11,netbeans-6.9.1-201007282301/j2ee.ejbjarproject/src/org/netbeans/modules/j2ee/ejbjarproject/ui/customizer/CustomizerLibraries.java,241,648
25414160_0.java,1,11,netbeans-6.9.1-201007282301/j2ee.clientproject/src/org/netbeans/modules/j2ee/clientproject/ui/customizer/CustomizerLibraries.java,256,784
598007_0.java,1,13,eclipse_SDK/eclipse_SDK-4.3/src/src/org/eclipse/jface/dialogs/ProgressMonitorDialog.java,252,264
2870786_0.java,1,11,apache-tomcat-7.0.2/apache-tomcat-7.0.2-src/java/org/apache/tomcat/util/http/fileupload/IOUtils.java,25,35
10315932_0.java,1,13,netbeans-6.9.1-201007282301/openide.explorer/src/org/openide/explorer/view/OutlineView.java,922,956
24680923_0.java,17,42,jstock-1.0.7c/jstock/src/org/yccheok/jstock/alert/GoogleMail.java,18,43
13051546_0.java,37,59,jstock-1.0.7c/jstock/src/org/yccheok/jstock/gui/ChangeStockInfoJDialog.java,126,155
11202699_0.java,1,12,jstock-1.0.7c/jstock/src/org/yccheok/jstock/gui/Utils.java,588,599
11202699_0.java,1,12,hsqldb-2/hsqldb-2.0.0/hsqldb/src/org/hsqldb/test/HsqldbTestCase.java,11,22
11202699_0.java,1,12,heritrix-1/heritrix-1.14.4/src/java/org/archive/util/FileUtils.java,223,234
11202699_0.java,1,12,db-derby-10/db-derby-10.6.1.0-src/java/testing/org/apache/derbyTesting/functionTests/tests/junitTests/compatibility/CompatibilityCombinations.java,813,824
11202699_0.java,1,12,c-jdbc-2/c-jdbc-2.0.2-src/src/org/objectweb/cjdbc/common/util/FileManagement.java,4,15
2789247_0.java,1,11,netbeans-6.9.1-201007282301/openide.nodes/src/org/openide/nodes/EntrySupport.java,1293,1302
16081828_0.java,1,11,hibernate-release-4/hibernate-release-4.2.2.Final/project/hibernate-core/src/test/java/org/hibernate/test/annotations/cascade/multicircle/jpa/sequence/AbstractEntity.java,41,61
16081828_0.java,1,11,hibernate-release-4/hibernate-release-4.2.2.Final/project/hibernate-core/src/test/java/org/hibernate/test/annotations/cascade/circle/identity/AbstractEntity.java,41,61
16081828_0.java,1,11,hibernate-release-4/hibernate-release-4.2.2.Final/project/hibernate-core/src/test/java/org/hibernate/test/annotations/cascade/circle/sequence/AbstractEntity.java,41,61
16081828_0.java,1,11,hibernate-release-4/hibernate-release-4.2.2.Final/project/hibernate-core/src/test/java/org/hibernate/test/annotations/cascade/multicircle/nonjpa/sequence/AbstractEntity.java,41,61
16081828_0.java,1,11,hibernate-release-4/hibernate-release-4.2.2.Final/project/hibernate-core/src/test/java/org/hibernate/test/annotations/cascade/multicircle/jpa/identity/AbstractEntity.java,39,59
16081828_0.java,1,11,hibernate-release-4/hibernate-release-4.2.2.Final/project/hibernate-core/src/test/java/org/hibernate/test/annotations/cascade/multicircle/nonjpa/identity/AbstractEntity.java,39,59
16081828_0.java,1,11,hibernate-release-4/hibernate-release-4.2.2.Final/project/hibernate-entitymanager/src/test/java/org/hibernate/ejb/test/cascade/multicircle/AbstractEntity.java,38,58
16081828_0.java,1,11,hibernate-release-4/hibernate-release-4.2.2.Final/project/hibernate-core/src/test/java/org/hibernate/test/propertyref/DoesNotWork.java,60,80
16081828_0.java,1,11,hadoop-1/hadoop-1.0.0/src/core/org/apache/hadoop/net/SocksSocketFactory.java,59,79
16081828_0.java,1,11,geotools-2/geotools-2.7-M3/modules/library/render/src/main/java/org/geotools/map/MapLayer.java,210,230
16081828_0.java,1,11,eclipse_SDK/eclipse_SDK-4.3/src/src/org/eclipse/ui/internal/views/markers/Markers.java,278,297
16081828_0.java,1,11,eclipse_SDK/eclipse_SDK-4.3/src/src/org/eclipse/ui/internal/views/markers/MarkerEntry.java,251,270
16081828_0.java,1,11,eclipse_SDK/eclipse_SDK-4.3/src/src/org/eclipse/ui/internal/views/markers/ViewerColumnsDialog.java,497,519
16081828_0.java,1,11,eclipse_SDK/eclipse_SDK-4.3/src/src/org/eclipse/equinox/internal/p2/metadata/TouchpointData.java,13,32
16081828_0.java,1,11,eclipse_SDK/eclipse_SDK-4.3/src/src/org/eclipse/equinox/p2/repository/artifact/spi/ProcessingStepDescriptor.java,30,59
16081828_0.java,1,11,hibernate-release-4/hibernate-release-4.2.2.Final/project/hibernate-core/src/test/java/org/hibernate/test/propertyref/DoesNotWorkPk.java,32,59
16081828_0.java,1,11,hadoop-1/hadoop-1.0.0/src/contrib/eclipse-plugin/src/java/org/apache/hadoop/eclipse/server/HadoopJob.java,81,108
16081828_0.java,1,11,geotools-2/geotools-2.7-M3/modules/unsupported/geometry/src/main/java/org/geotools/geometry/iso/coordinate/LineStringImpl.java,200,227
16081828_0.java,1,11,eclipse_SDK/eclipse_SDK-4.3/src/src/org/eclipse/equinox/internal/p2/metadata/TouchpointInstruction.java,47,73
16081828_0.java,1,11,eclipse_SDK/eclipse_SDK-4.3/src/src/org/eclipse/equinox/internal/p2/metadata/RequirementChange.java,38,64
16081828_0.java,1,11,apache-tomcat-7.0.2/apache-tomcat-7.0.2-src/java/org/apache/catalina/core/ApplicationTaglibDescriptor.java,27,54
16081828_0.java,1,11,apache-tomcat-7.0.2/apache-tomcat-7.0.2-src/java/org/apache/el/parser/SimpleNode.java,113,139
16081828_0.java,1,11,lucene-4.3.0/lucene-4.3.0/facet/src/java/org/apache/lucene/facet/params/FacetIndexingParams.java,41,66
16081828_0.java,1,11,hibernate-release-4/hibernate-release-4.2.2.Final/project/hibernate-core/src/test/java/org/hibernate/test/annotations/idclass/xml/HabitatSpeciesLink.java,29,56
16081828_0.java,1,11,eclipse_SDK/eclipse_SDK-4.3/src/src/org/eclipse/equinox/internal/p2/metadata/InstallableUnit.java,76,102
16081828_0.java,1,11,apache-tomcat-7.0.2/apache-tomcat-7.0.2-src/java/org/apache/catalina/deploy/MultipartDef.java,47,88
16081828_0.java,1,11,apache-tomcat-7.0.2/apache-tomcat-7.0.2-src/java/org/apache/catalina/deploy/LoginConfig.java,79,120
16081828_0.java,1,11,eclipse_SDK/eclipse_SDK-4.3/src/src/org/eclipse/pde/api/tools/internal/comparator/Delta.java,112,176
14940863_0.java,1,26,jstock-1.0.7c/jstock/src/org/yccheok/jstock/alert/GoogleMail.java,18,43
2513183_0.java,75,84,eclipse_SDK/eclipse_SDK-4.3/src/src/org/eclipse/jdt/ui/actions/GenerateToStringAction.java,77,87
2513183_0.java,96,105,eclipse_SDK/eclipse_SDK-4.3/src/src/org/eclipse/jdt/ui/actions/GenerateToStringAction.java,101,111
2513183_0.java,45,55,eclipse_SDK/eclipse_SDK-4.3/src/src/org/eclipse/jdt/ui/actions/GenerateToStringAction.java,45,55
292287_0.java,1,21,netbeans-6.9.1-201007282301/java.source/test/unit/data/jdk/JTable.java,103,125
21912294_0.java,109,118,iReport-3/iReport-3.7.5-src/jasperserver-plugin/src/com/jaspersoft/ireport/jasperserver/ws/IReportTrustManager.java,113,122
3275733_0.java,1,12,hibernate-release-4/hibernate-release-4.2.2.Final/project/documentation/src/main/docbook/devguide/en-US/extras/flush_and_clear_session.java,1,12
15929471_0.java,1,16,jstock-1.0.7c/jstock/src/org/yccheok/jstock/gui/ChangeStockInfoJDialog.java,126,155
7968632_1.java,1,11,spring-framework-3.0.5/spring-framework-3.0.5.RELEASE/projects/org.springframework.web.servlet/src/main/java/org/springframework/web/servlet/tags/form/ValueFormatter.java,10,22
15168494_0.java,1,30,hibernate-release-4/hibernate-release-4.2.2.Final/project/hibernate-core/src/main/java/org/hibernate/service/jdbc/connections/internal/ConnectionProviderInitiator.java,58,118
7758741_0.java,1,10,Vuze_4812_source/org/gudy/azureus2/ui/swt/StartServer.java,75,116
7758741_0.java,1,10,Vuze_4812_source/org/gudy/azureus2/ui/common/StartServer.java,31,79
16928749_0.java,50,66,hadoop-1/hadoop-1.0.0/src/mapred/org/apache/hadoop/mapreduce/lib/output/TextOutputFormat.java,50,67
16928749_0.java,50,66,hadoop-1/hadoop-1.0.0/src/mapred/org/apache/hadoop/mapred/TextOutputFormat.java,46,63
550172_0.java,39,68,jstock-1.0.7c/jstock/src/org/yccheok/jstock/gui/Utils.java,457,487
550172_0.java,69,81,jhotdraw-7.5.1/jhotdraw_7.5.1/Source/jhotdraw7/src/main/java/org/jhotdraw/util/Images.java,81,93
550172_0.java,69,81,jstock-1.0.7c/jstock/src/org/yccheok/jstock/gui/Utils.java,444,456
12106623_0.java,1,16,apache-log4j-1.2.16/apache-log4j-1.2.16/src/main/java/org/apache/log4j/WriterAppender.java,45,61
13364730_1.java,17,27,jhotdraw-7.5.1/jhotdraw_7.5.1/Source/jhotdraw7/src/main/java/org/jhotdraw/samples/color/CIEXYChromaticityDiagram.java,29,41
13364730_1.java,17,27,netbeans-6.9.1-201007282301/dlight.visualizers/src/org/netbeans/modules/dlight/visualizers/ThreadMapTopComponent.java,31,42
13364730_1.java,17,27,netbeans-6.9.1-201007282301/dlight.visualizers/src/org/netbeans/modules/dlight/visualizers/CallStackTopComponent.java,28,39
12936580_0.java,63,197,jfreechart-1/jfreechart-1.0.13/source/org/jfree/chart/renderer/xy/AbstractXYItemRenderer.java,443,578
12936580_0.java,198,211,jfreechart-1/jfreechart-1.0.13/source/org/jfree/chart/renderer/xy/AbstractXYItemRenderer.java,579,595
12936580_0.java,198,211,jfreechart-1/jfreechart-1.0.13/source/org/jfree/chart/renderer/category/AbstractCategoryItemRenderer.java,525,541
10274267_0.java,1,12,hibernate-release-4/hibernate-release-4.2.2.Final/project/documentation/src/main/docbook/devguide/en-US/extras/flush_and_clear_session.java,1,12
14582029_0.java,1,12,hibernate-release-4/hibernate-release-4.2.2.Final/project/documentation/src/main/docbook/devguide/en-US/extras/flush_and_clear_session.java,1,12
13311280_0.java,29,54,netbeans-6.9.1-201007282301/form/test/qa-functional/data/SampleDesktopApplication/src/sampledesktopapplication/SampleDesktopView.java,40,65
13311280_0.java,29,54,netbeans-6.9.1-201007282301/swingapp/appshells/CRUDShellApp/src/applicationpackage/ShellView.java,52,77
13311280_0.java,29,54,netbeans-6.9.1-201007282301/swingapp/appshells/BasicShellApp/src/applicationpackage/ShellView.java,40,65
13311280_0.java,29,54,netbeans-6.9.1-201007282301/java.examples/MarsRoverViewer/src/marsroverviewer/MarsRoverViewerView.java,51,76
13311280_0.java,29,54,netbeans-6.9.1-201007282301/java.examples/DocumentEditor/src/documenteditor/DocumentEditorView.java,53,78
13311280_0.java,29,54,netbeans-6.9.1-201007282301/form/test/qa-functional/data/SampleDesktopApplication/src/sampledesktopapplication/SampleDesktopView.java,14,67
13311280_0.java,29,54,netbeans-6.9.1-201007282301/swingapp/appshells/BasicShellApp/src/applicationpackage/ShellView.java,14,67
13311280_0.java,29,54,netbeans-6.9.1-201007282301/java.examples/MarsRoverViewer/src/marsroverviewer/MarsRoverViewerView.java,24,78
13311280_0.java,29,54,netbeans-6.9.1-201007282301/java.examples/DocumentEditor/src/documenteditor/DocumentEditorView.java,27,92
13311280_0.java,29,54,netbeans-6.9.1-201007282301/swingapp/appshells/CRUDShellApp/src/applicationpackage/ShellView.java,26,98
13311280_0.java,2,56,netbeans-6.9.1-201007282301/form/test/qa-functional/data/SampleDesktopApplication/src/sampledesktopapplication/SampleDesktopView.java,14,67
13311280_0.java,2,56,netbeans-6.9.1-201007282301/swingapp/appshells/BasicShellApp/src/applicationpackage/ShellView.java,14,67
13311280_0.java,2,56,netbeans-6.9.1-201007282301/java.examples/MarsRoverViewer/src/marsroverviewer/MarsRoverViewerView.java,24,78
13311280_0.java,2,56,netbeans-6.9.1-201007282301/swingapp/appshells/CRUDShellApp/src/applicationpackage/ShellView.java,26,98
13311280_0.java,2,56,netbeans-6.9.1-201007282301/java.examples/DocumentEditor/src/documenteditor/DocumentEditorView.java,27,92
25606560_0.java,78,100,jstock-1.0.7c/jstock/src/org/yccheok/jstock/gui/ChangeStockInfoJDialog.java,126,155
25719073_2.java,1,10,eclipse_SDK/eclipse_SDK-4.3/src/src/org/eclipse/swt/widgets/Composite.java,481,490
18687201_0.java,1,10,eclipse_SDK/eclipse_SDK-4.3/src/src/javax/servlet/http/HttpServlet.java,51,60
18687201_0.java,1,10,apache-tomcat-7.0.2/apache-tomcat-7.0.2-src/java/javax/servlet/http/HttpServlet.java,51,60
11861598_0.java,1,19,eclipse_SDK/eclipse_SDK-4.3/src/src/org/eclipse/jface/wizard/WizardDialog.java,377,408
22315734_0.java,10,21,hadoop-1/hadoop-1.0.0/src/core/org/apache/hadoop/io/WritableComparator.java,44,54
3987965_0.java,1,13,netbeans-6.9.1-201007282301/java.source/test/qa-functional/src/org/netbeans/test/java/Utilities.java,103,115
14019840_0.java,1,18,struts2-2.2.1-all/struts-2.2.1/src/core/src/main/java/org/apache/struts2/dispatcher/mapper/DefaultActionMapper.java,128,145
9709633_0.java,156,167,cayenne-3/cayenne-3.0.1-src/framework/cayenne-modeler/src/main/java/org/apache/cayenne/modeler/util/CellEditorForAttributeTable.java,63,74
9291241_1.java,1,12,eclipse_SDK/eclipse_SDK-4.3/src/src/libsrc/org/apache/tools/ant/taskdefs/Mkdir.java,9,36
9291241_1.java,1,12,apache-ant-1.8.4/src/main/org/apache/tools/ant/taskdefs/Mkdir.java,9,36
4151399_1.java,1,12,drjava-stable-20100913-r5387-src/drjava-stable-20100913-r5387/src/src/edu/rice/cs/drjava/ui/AboutDialog.java,46,82
4151399_1.java,1,12,drjava-stable-20100913-r5387-src/drjava-stable-20100913-r5387/src/src/edu/rice/cs/drjava/ui/AboutDialog.java,116,175
4151399_1.java,1,12,freemind-src-0/freemind/freemind/view/mindmapview/EditNodeDialog.java,42,187
968656_1.java,1,11,eclipse_SDK/eclipse_SDK-4.3/src/src/org/eclipse/jdt/internal/ui/wizards/dialogfields/DialogField.java,36,46
968656_1.java,1,11,eclipse_SDK/eclipse_SDK-4.3/src/src/org/eclipse/jdt/internal/junit/wizards/MethodStubsSelectionButtonGroup.java,207,217
18764836_0.java,104,113,iReport-3/iReport-3.7.5-src/jasperserver-plugin/src/com/jaspersoft/ireport/jasperserver/ws/IReportTrustManager.java,113,122
853062_0.java,1,10,jstock-1.0.7c/jstock/src/org/yccheok/jstock/gui/JTableUtilities.java,173,182
21497021_1.java,29,51,jstock-1.0.7c/jstock/src/org/yccheok/jstock/gui/ChangeStockInfoJDialog.java,126,155
5660519_0.java,1,13,spring-framework-3.0.5/spring-framework-3.0.5.RELEASE/projects/org.springframework.web.servlet/src/main/java/org/springframework/web/servlet/mvc/annotation/AnnotationMethodHandlerExceptionResolver.java,223,254
4154530_0.java,9,28,eclipse_SDK/eclipse_SDK-4.3/src/src/org/eclipse/help/internal/webapp/utils/Utils.java,21,40
6092014_0.java,1,10,eclipse_SDK/eclipse_SDK-4.3/src/src/org/eclipse/ui/internal/registry/ViewParameterValues.java,8,17
8758512_0.java,1,12,jfreechart-1/jfreechart-1.0.13/source/org/jfree/data/time/RegularTimePeriod.java,9,20
16207578_0.java,1,10,eclipse_SDK/eclipse_SDK-4.3/src/src/javax/servlet/http/HttpServlet.java,32,41
16207578_0.java,1,10,apache-tomcat-7.0.2/apache-tomcat-7.0.2-src/java/javax/servlet/http/HttpServlet.java,31,40
16860613_0.java,55,74,eclipse_SDK/eclipse_SDK-4.3/src/src/org/eclipse/jface/viewers/StyledString.java,55,74
16860613_0.java,96,117,eclipse_SDK/eclipse_SDK-4.3/src/src/org/eclipse/jface/viewers/StyledString.java,96,117
16860613_0.java,118,165,eclipse_SDK/eclipse_SDK-4.3/src/src/org/eclipse/jface/viewers/StyledString.java,118,165
16860613_0.java,166,188,eclipse_SDK/eclipse_SDK-4.3/src/src/org/eclipse/jface/viewers/StyledString.java,166,188
16860613_0.java,189,204,eclipse_SDK/eclipse_SDK-4.3/src/src/org/eclipse/jface/viewers/StyledString.java,189,204
16860613_0.java,215,225,eclipse_SDK/eclipse_SDK-4.3/src/src/org/eclipse/jface/viewers/StyledString.java,215,225
16198305_0.java,7,16,netbeans-6.9.1-201007282301/java.source/test/unit/data/jdk/JTable.java,1630,1639
12728036_0.java,1,11,megamek-0.35.18/src/megamek/client/ui/swing/MegaMekGUI.java,58,113
24330611_0.java,180,193,jung2-2_0_1/jung-samples-2.0.1/edu/uci/ics/jung/samples/TreeCollapseDemo.java,127,138
24330611_0.java,180,193,jung2-2_0_1/jung-samples-2.0.1/edu/uci/ics/jung/samples/TreeCollapseDemo.java,88,184
24330611_0.java,197,213,jung2-2_0_1/jung-samples-2.0.1/edu/uci/ics/jung/samples/TreeCollapseDemo.java,142,157
24330611_0.java,197,213,jung2-2_0_1/jung-samples-2.0.1/edu/uci/ics/jung/samples/TreeCollapseDemo.java,88,184
24330611_0.java,217,227,jung2-2_0_1/jung-samples-2.0.1/edu/uci/ics/jung/samples/TreeCollapseDemo.java,161,171
24330611_0.java,217,227,jung2-2_0_1/jung-samples-2.0.1/edu/uci/ics/jung/samples/TreeCollapseDemo.java,88,184
24330611_0.java,256,269,jung2-2_0_1/jung-samples-2.0.1/edu/uci/ics/jung/samples/TreeLayoutDemo.java,161,172
24330611_0.java,256,269,jung2-2_0_1/jung-samples-2.0.1/edu/uci/ics/jung/samples/TreeCollapseDemo.java,199,211
24330611_0.java,256,269,jung2-2_0_1/jung-samples-2.0.1/edu/uci/ics/jung/samples/L2RTreeLayoutDemo.java,170,181
24330611_0.java,320,333,jung2-2_0_1/jung-samples-2.0.1/edu/uci/ics/jung/samples/TreeCollapseDemo.java,247,260
24330611_0.java,320,333,jung2-2_0_1/jung-samples-2.0.1/edu/uci/ics/jung/samples/VertexCollapseDemoWithLayouts.java,246,258
24330611_0.java,320,333,jung2-2_0_1/jung-samples-2.0.1/edu/uci/ics/jung/samples/VertexCollapseDemo.java,217,229
24330611_0.java,137,240,jung2-2_0_1/jung-samples-2.0.1/edu/uci/ics/jung/samples/TreeCollapseDemo.java,88,184
8584917_0.java,1,12,poi-3.6-20091214/poi-3.6/src/ooxml/java/org/apache/poi/xssf/usermodel/XSSFCell.java,229,240
249149_0.java,1,11,spring-framework-3.0.5/spring-framework-3.0.5.RELEASE/projects/org.springframework.transaction/src/main/java/org/springframework/jca/cci/core/CciTemplate.java,193,203
24932478_0.java,150,172,jstock-1.0.7c/jstock/src/org/yccheok/jstock/gui/ChangeStockInfoJDialog.java,126,155
18921519_0.java,72,85,apache-tomcat-7.0.2/apache-tomcat-7.0.2-src/test/org/apache/catalina/tribes/demos/MapDemo.java,339,352
24013939_0.java,1,12,db-derby-10/db-derby-10.6.1.0-src/java/testing/org/apache/derbyTesting/functionTests/tests/junitTests/compatibility/CompatibilityCombinations.java,813,824
24013939_0.java,1,12,jstock-1.0.7c/jstock/src/org/yccheok/jstock/gui/Utils.java,588,599
24013939_0.java,1,12,hsqldb-2/hsqldb-2.0.0/hsqldb/src/org/hsqldb/test/HsqldbTestCase.java,11,22
24013939_0.java,1,12,heritrix-1/heritrix-1.14.4/src/java/org/archive/util/FileUtils.java,223,234
24013939_0.java,1,12,c-jdbc-2/c-jdbc-2.0.2-src/src/org/objectweb/cjdbc/common/util/FileManagement.java,4,15
10488746_1.java,28,50,jstock-1.0.7c/jstock/src/org/yccheok/jstock/gui/ChangeStockInfoJDialog.java,126,155
11187462_0.java,44,61,c-jdbc-2/c-jdbc-2.0.2-src/src/org/objectweb/cjdbc/common/util/LoggingOutputStream.java,36,52
11187462_0.java,44,61,apache-log4j-1.2.16/apache-log4j-1.2.16/contribs/JimMoore/LoggingOutputStream.java,32,48
15847229_0.java,54,76,jstock-1.0.7c/jstock/src/org/yccheok/jstock/gui/ChangeStockInfoJDialog.java,126,155
11825416_0.java,1,13,geotools-2/geotools-2.7-M3/modules/unsupported/swing/src/main/java/org/jdesktop/swingworker/SwingWorker.java,163,175
10924700_0.java,1,18,spring-framework-3.0.5/spring-framework-3.0.5.RELEASE/projects/org.springframework.oxm/src/main/java/org/springframework/oxm/jaxb/Jaxb2Marshaller.java,253,270
7504040_0.java,5,17,junit-4/org/junit/rules/ExternalResource.java,8,20
7504040_0.java,5,17,eclipse_SDK/eclipse_SDK-4.3/src/src/junitsrc/org/junit/rules/ExternalResource.java,8,20
6926848_0.java,1,18,eclipse_SDK/eclipse_SDK-4.3/src/src/org/apache/http/client/utils/URLEncodedUtils.java,73,90
16875949_0.java,75,97,jstock-1.0.7c/jstock/src/org/yccheok/jstock/gui/ChangeStockInfoJDialog.java,126,155
24963319_0.java,1,20,geotools-2/geotools-2.7-M3/modules/unsupported/process/src/main/java/org/geotools/process/ProgressTask.java,136,155
15260207_0.java,145,155,freemind-src-0/freemind/accessories/plugins/dialogs/ArrayListTransferHandler.java,90,100
15260207_0.java,176,196,freemind-src-0/freemind/accessories/plugins/dialogs/ArrayListTransferHandler.java,107,127
3788516_0.java,1,12,hibernate-release-4/hibernate-release-4.2.2.Final/project/documentation/src/main/docbook/devguide/en-US/extras/flush_and_clear_session.java,1,12
20296220_0.java,1,10,eclipse_SDK/eclipse_SDK-4.3/src/src/javax/servlet/http/HttpServlet.java,32,41
20296220_0.java,1,10,apache-tomcat-7.0.2/apache-tomcat-7.0.2-src/java/javax/servlet/http/HttpServlet.java,31,40
18137301_0.java,3,15,antlr4-4.0/tool/test/org/antlr/v4/test/TestPerformance.java,558,570
