23677226,sample,TestPalindrome.java,2,13,selected,773259.java,192,211,selected,1392002.java,48,54,selected,1948185.java,9,15,selected,1973049.java,687,710,selected,1360979.java,692,715,selected,2344052.java,36,42,selected,1971014.java,19,25,selected,1414732.java,72,78,selected,1506313.java,22,30,selected,944233.java,13,19,selected,632754.java,11,18,selected,1298639.java,81,86,default,17407.java,10,21,selected,2183702.java,505,558,selected,948168.java,145,150,selected,2148130.java,129,149
23677138,sample,BubbleSort.java,93,109,selected,1461121.java,21,30,selected,2380664.java,277,309,selected,352441.java,215,242,selected,1465507.java,293,310,selected,1316327.java,285,302,selected,1182640.java,154,184,selected,1465507.java,318,335,selected,1316327.java,310,327,selected,62347.java,105,176,selected,2211034.java,45,74,selected,928268.java,49,64,selected,1723609.java,127,142,selected,1658132.java,125,140,default,51560.java,874,900,selected,1348198.java,218,227,selected,2467423.java,201,227
23677129,sample,FTP_ApacheCommonsNet_Samples.java,62,67,sample,FTP_ApacheCommonsNet_Samples.java,62,67,sample,FTP_ApacheCommonsNet_Samples.java,55,60,sample,FTP_ApacheCommonsNet_Samples.java,69,75,sample,FTP_ApacheCommonsNet_Samples.java,25,31,sample,FTP_ApacheCommonsNet_Samples.java,18,23,sample,FTP_FTP4J_Samples.java,22,27,sample,FTP_FTP4J_Samples.java,15,20,sample,FTP_ApacheCommonsNet_Samples.java,11,16,sample,FTP_ApacheCommonsNet_Samples.java,47,53,sample,FTP_ApacheCommonsNet_Samples.java,40,45,sample,FTP_ApacheCommonsNet_Samples.java,33,38,selected,2547913.java,19,44,selected,1620218.java,280,289,selected,756989.java,34,43,selected,1000320.java,32,41,selected,305499.java,19,27
23677175,sample,Fibonacci.java,3,10,selected,2156644.java,5,13,selected,638110.java,10,23,selected,2380110.java,10,23,selected,692239.java,280,288,selected,99873.java,110,119,selected,364698.java,91,100,selected,567533.java,393,402,selected,857455.java,34,42,selected,876461.java,243,248,selected,1938594.java,214,223,selected,1456918.java,275,284,selected,136919.java,53,58,selected,386491.java,45,52,selected,1599196.java,43,50,selected,53214.java,338,345,selected,1809952.java,252,261
23677130,sample,FTP_ApacheCommonsNet_Samples.java,69,75,sample,FTP_ApacheCommonsNet_Samples.java,55,60,sample,FTP_ApacheCommonsNet_Samples.java,69,75,sample,FTP_ApacheCommonsNet_Samples.java,62,67,sample,FTP_ApacheCommonsNet_Samples.java,25,31,sample,FTP_ApacheCommonsNet_Samples.java,47,53,selected,502121.java,187,209,sample,FTP_FTP4J_Samples.java,22,27,sample,FTP_FTP4J_Samples.java,15,20,sample,FTP_ApacheCommonsNet_Samples.java,18,23,sample,FTP_ApacheCommonsNet_Samples.java,11,16,sample,FTP_ApacheCommonsNet_Samples.java,40,45,selected,2547913.java,19,44,sample,FTP_ApacheCommonsNet_Samples.java,33,38,selected,1620218.java,280,289,selected,550146.java,42,68,selected,756989.java,34,43
23677112,sample,DownloadWebpage.java,32,53,selected,474427.java,82,105,selected,2621331.java,317,324,selected,1481489.java,317,324,selected,1825560.java,39,59,selected,2744705.java,37,67,selected,2128991.java,447,479,selected,764185.java,34,88,selected,262674.java,143,167,selected,693563.java,243,270,selected,450160.java,444,485,selected,2184855.java,143,161,selected,568613.java,192,220,selected,945837.java,89,109,selected,129106.java,331,343,selected,2329907.java,167,198,selected,2711868.java,50,63
23677127,sample,FTP_ApacheCommonsNet_Samples.java,47,53,sample,FTP_ApacheCommonsNet_Samples.java,47,53,selected,502121.java,187,209,sample,FTP_ApacheCommonsNet_Samples.java,33,38,sample,FTP_ApacheCommonsNet_Samples.java,25,31,sample,FTP_FTP4J_Samples.java,15,20,sample,FTP_ApacheCommonsNet_Samples.java,11,16,sample,FTP_ApacheCommonsNet_Samples.java,69,75,selected,872169.java,52,60,sample,FTP_ApacheCommonsNet_Samples.java,40,45,selected,268533.java,34,41,sample,FTP_FTP4J_Samples.java,22,27,selected,756989.java,34,43,selected,1000320.java,32,41,selected,2441554.java,47,77,selected,14032.java,23,34,sample,FTP_ApacheCommonsNet_Samples.java,18,23
23677117,sample,CopyFileSamples.java,55,61,selected,861615.java,507,528,sample,CopyFileSamples.java,55,61,selected,880474.java,604,625,selected,419813.java,77,92,selected,372617.java,499,520,selected,356375.java,500,521,selected,2668601.java,369,390,selected,1436558.java,190,211,selected,2451520.java,69,80,selected,2451520.java,56,67,selected,384761.java,135,152,selected,60460.java,65,77,selected,1318150.java,76,88,selected,2702523.java,139,176,selected,314619.java,62,88,selected,776949.java,14,24
23677198,sample,FileChooser.java,96,123,sample,FileChooser.java,96,123,sample,FileChooser.java,38,65,sample,FileChooser.java,9,36,selected,285082.java,277,291,selected,1782818.java,121,130,selected,1742373.java,139,150,selected,1574543.java,199,209,selected,1729645.java,53,68,selected,1443270.java,8,17,selected,1138593.java,255,264,selected,1123589.java,564,577,sample,FileChooser.java,67,94,selected,2218241.java,69,77,selected,510026.java,23,41,selected,23673.java,277,291,selected,795007.java,766,777
23677162,sample,LoadFont.java,14,19,sample,LoadFont.java,14,19,selected,2064356.java,208,224,selected,1861123.java,65,91,selected,1846343.java,89,101,selected,864100.java,64,90,selected,831592.java,34,54,selected,337839.java,26,45,selected,2261893.java,1191,1198,selected,2050767.java,33,41,selected,795046.java,173,198,selected,2615621.java,14,30,selected,948406.java,326,355,selected,1502472.java,46,80,selected,906350.java,355,373,selected,1031787.java,38,51,selected,30471.java,48,63
23677183,sample,GCD.java,11,18,selected,732254.java,121,138,selected,214624.java,69,84,selected,975303.java,19,28,selected,1135088.java,155,168,selected,661946.java,157,175,selected,2514410.java,62,80,selected,1108780.java,137,144,selected,334423.java,773,794,selected,2137264.java,48,55,selected,2590278.java,103,195,selected,2423189.java,918,936,selected,1090493.java,126,142,default,8505.java,43,59,selected,943768.java,419,424,selected,700821.java,57,62,selected,296655.java,63,68
23677205,sample,ExecuteExternalProcessAndReadInput.java,38,54,selected,668761.java,126,141,selected,1817471.java,126,141,selected,1392182.java,24,60,sample,ExecuteExternalProcessAndReadInput.java,38,54,selected,2732464.java,68,85,selected,116977.java,21,53,selected,1254498.java,226,247,selected,1815321.java,27,49,selected,186645.java,66,90,selected,355366.java,43,59,selected,1232525.java,141,169,selected,1660205.java,120,132,selected,2326824.java,68,87,selected,1583034.java,68,87,default,124092.java,8,18,default,50732.java,10,21
23677177,sample,EncryptFile.java,16,37,selected,2519419.java,82,115,selected,2139695.java,18,33,selected,1952858.java,15,30,selected,707787.java,121,144,selected,1128302.java,117,122,selected,1626807.java,305,326,selected,1538113.java,112,131,selected,893534.java,128,139,selected,1999626.java,141,147,default,50457.java,23,50,selected,1512604.java,63,101,selected,26322.java,60,90,selected,1995913.java,96,106,selected,1333742.java,135,142,selected,1935434.java,33,57,default,119293.java,76,146
23677137,sample,BubbleSort.java,75,91,selected,334423.java,871,882,selected,1494902.java,27,47,selected,1465507.java,293,310,selected,1316327.java,285,302,selected,62347.java,105,176,selected,1182640.java,154,184,selected,1465507.java,318,335,selected,1316327.java,310,327,selected,928268.java,49,64,selected,1542303.java,225,245,selected,1465507.java,343,360,selected,1316327.java,335,352,selected,1723609.java,127,142,selected,1658132.java,125,140,selected,592994.java,319,429,selected,2025089.java,391,501
23677136,sample,BubbleSort.java,57,73,selected,1424368.java,390,408,selected,1461121.java,21,30,selected,2629550.java,203,222,selected,2502968.java,386,405,selected,2155839.java,383,402,selected,1861661.java,382,401,selected,1419453.java,316,335,selected,1090849.java,456,496,selected,2380664.java,277,309,selected,352441.java,215,242,selected,1660343.java,280,322,selected,1242575.java,44,56,default,51560.java,874,900,selected,1348198.java,218,227,selected,2467423.java,201,227,selected,1152743.java,46,100
23677168,sample,CreateRSAKeys.java,34,54,sample,CreateRSAKeys.java,34,54,selected,2188583.java,37,47,selected,1984007.java,114,140,selected,1787816.java,47,55,selected,108370.java,19,35,selected,485664.java,18,27,selected,714211.java,127,134,selected,373869.java,161,169,selected,2739154.java,109,127,selected,2175564.java,110,128,selected,2739154.java,41,51,selected,2175564.java,42,52,selected,1022819.java,20,36,selected,1893609.java,55,65,selected,1681647.java,63,77,selected,2184555.java,713,725
23677206,sample,InstantiateNamedClassUsingReflection.java,7,12,selected,1326769.java,198,203,selected,399830.java,109,119,selected,523240.java,94,104,selected,2314628.java,11,16,selected,2635186.java,103,109,selected,1577050.java,145,161,selected,2163831.java,71,77,selected,1235817.java,97,102,selected,1235817.java,65,70,selected,2526596.java,143,148,selected,2291441.java,142,152,selected,1577050.java,186,206,selected,486653.java,206,228,selected,2366049.java,110,117,selected,616516.java,20,25,selected,2366049.java,99,108
23677157,sample,ShuffleArrayInPlace.java,50,66,selected,1860333.java,488,496,selected,860866.java,419,425,selected,526888.java,866,875,selected,860866.java,399,404,selected,2696378.java,32,42,selected,440313.java,19,31,selected,1976070.java,20,37,selected,1068567.java,91,99,selected,860866.java,722,730,selected,301306.java,614,622,selected,2223033.java,18,28,selected,7627.java,13,25,selected,1120858.java,13,25,selected,1884534.java,193,203,selected,918764.java,37,45,selected,273852.java,891,898
23677222,sample,CopyDirectoryTree.java,18,27,selected,1070198.java,76,92,selected,1070198.java,34,74,selected,1122863.java,188,205,selected,2435652.java,262,282,selected,948176.java,244,284,selected,1424799.java,21,46,selected,1552187.java,167,191,selected,1516404.java,121,137,sample,CopyDirectoryTree.java,30,44,selected,880474.java,604,625,selected,861615.java,507,528,selected,419813.java,77,92,selected,372617.java,499,520,selected,356375.java,500,521,selected,2668601.java,369,390,selected,1436558.java,190,211
23677179,sample,OpenURLInSystemBrowser.java,8,15,sample,OpenURLInSystemBrowser.java,8,15,selected,1021772.java,14,30,selected,2592168.java,86,99,selected,2048402.java,65,73,selected,1478072.java,27,41,selected,2337186.java,162,178,selected,2097456.java,50,56,selected,2097456.java,42,48,selected,2560025.java,31,50,selected,2407362.java,18,29,selected,814907.java,117,122,selected,2494793.java,140,151,selected,512855.java,14,29,selected,2108096.java,115,127,selected,211364.java,45,68,selected,700474.java,42,54
23677210,sample,getMACAddresInStandardForm.java,9,25,sample,getMACAddresInStandardForm.java,27,39,selected,2706991.java,10,33,selected,1125396.java,101,153,selected,440776.java,307,356,selected,460998.java,14,42,selected,1373426.java,339,366,selected,2544031.java,11,34,selected,2347167.java,115,150,selected,2089940.java,382,400,selected,527112.java,15,34,selected,16202.java,1071,1109,selected,256821.java,281,301,selected,1119577.java,44,116,selected,1384795.java,88,107,selected,298673.java,22,42,sample,getMACAddresInStandardForm.java,9,25
23677116,sample,CopyFileSamples.java,42,53,selected,537810.java,153,199,selected,2661017.java,152,170,selected,60460.java,65,77,selected,1318150.java,76,88,selected,2618745.java,187,213,selected,1082721.java,155,168,selected,2300570.java,308,317,selected,630719.java,131,144,selected,277906.java,114,127,selected,445241.java,73,89,selected,1248946.java,536,558,selected,2607428.java,273,285,selected,2435652.java,262,282,selected,1106829.java,220,234,selected,1145263.java,47,65,selected,2058994.java,114,121
23677120,sample,UnZip.java,3,44,selected,1689613.java,136,157,sample,UnZip.java,46,83,selected,628234.java,86,116,selected,2521303.java,157,187,selected,361440.java,360,393,selected,798637.java,63,94,selected,502156.java,133,164,selected,1636636.java,643,682,sample,UnZip.java,3,44,selected,583742.java,135,176,selected,7011.java,13,39,selected,138101.java,118,147,selected,2349003.java,98,137,selected,992903.java,42,59,selected,1307654.java,611,634,selected,633854.java,241,271
23677197,sample,FileChooser.java,67,94,sample,FileChooser.java,38,65,sample,FileChooser.java,9,36,sample,FileChooser.java,67,94,selected,285082.java,277,291,selected,1729645.java,53,68,selected,741271.java,100,112,selected,1802924.java,871,889,sample,FileChooser.java,96,123,selected,275210.java,147,158,selected,1443270.java,8,17,selected,1951603.java,395,406,selected,364145.java,496,513,selected,23673.java,277,291,selected,1123589.java,564,577,selected,515307.java,145,154,selected,474673.java,134,142
23677156,sample,ShuffleArrayInPlace.java,34,48,selected,2696378.java,32,42,selected,1860333.java,488,496,selected,621967.java,62,67,selected,1579977.java,90,95,selected,860866.java,382,387,selected,860866.java,419,425,selected,2579292.java,186,194,selected,2025575.java,47,56,selected,1619674.java,53,62,selected,1240085.java,273,282,selected,860866.java,399,404,selected,2639352.java,13,24,selected,1185747.java,211,238,selected,582963.java,13,24,selected,895934.java,7,15,selected,273852.java,891,898
6096495,sample,MD5.java,2,11,selected,2578041.java,341,350,sample,MD5.java,2,11,selected,249158.java,12,28,selected,59611.java,45,58,selected,323037.java,8,19,selected,2158135.java,77,91,selected,639185.java,79,99,selected,712709.java,12,26,selected,773465.java,95,111,selected,1681494.java,89,105,selected,2219220.java,82,91,selected,1014753.java,8,26,selected,2234951.java,39,55,selected,1192485.java,22,36,selected,402617.java,523,536,selected,1822450.java,14,28
23677201,sample,SendEMail.java,15,48,sample,SendEMail.java,15,48,selected,1829739.java,14,38,selected,1700073.java,154,174,default,31489.java,1,62,selected,771204.java,22,52,selected,2098269.java,21,46,selected,419022.java,46,87,selected,2554531.java,31,62,selected,102950.java,18,48,selected,2639498.java,10,34,selected,1120534.java,20,47,selected,2124246.java,35,58,selected,2608722.java,24,52,selected,1458092.java,25,68,selected,2642037.java,35,64,selected,660010.java,69,94
23677207,sample,ConnectToDatabaseJDBC.java,8,20,selected,1795870.java,37,48,selected,294552.java,195,219,selected,2350352.java,25,35,selected,1644141.java,36,70,selected,1397784.java,73,80,sample,ConnectToDatabaseJDBC.java,8,20,selected,2496232.java,118,127,selected,1813790.java,75,98,selected,694563.java,61,74,selected,498506.java,77,96,selected,2005747.java,164,181,selected,2676199.java,50,81,selected,592967.java,112,134,selected,1061495.java,35,41,selected,1107284.java,32,39,selected,1536353.java,62,71
23677145,sample,BubbleSort.java,219,236,selected,260759.java,19,33,selected,1465507.java,244,261,selected,1316327.java,236,253,selected,697222.java,163,174,selected,260759.java,44,60,default,120457.java,10,28,selected,1559389.java,351,357,selected,717722.java,95,105,selected,1110104.java,103,113,default,60017.java,67,77,default,39329.java,67,77,selected,413554.java,246,254,selected,1529115.java,41,49,selected,717722.java,77,87,selected,1110104.java,85,95,default,60017.java,49,59
23677185,sample,GCD.java,36,42,selected,2303051.java,117,123,selected,2303051.java,125,131,selected,270544.java,13,22,selected,1297932.java,196,203,selected,749776.java,58,65,selected,2420319.java,467,474,selected,1757323.java,273,280,default,45493.java,56,63,selected,2437917.java,138,145,selected,2472169.java,155,162,selected,2472169.java,164,171,selected,725302.java,248,255,selected,1671140.java,17,24,sample,GCD.java,11,18,selected,275270.java,20,33,selected,2180707.java,47,57
23677114,sample,CopyFileSamples.java,18,36,selected,2022893.java,60,97,selected,1354007.java,158,170,default,93742.java,55,74,selected,1597770.java,195,215,selected,256068.java,335,356,selected,2485251.java,198,219,selected,418831.java,80,100,selected,861428.java,327,347,selected,2177701.java,59,82,selected,1527737.java,59,82,selected,2358129.java,91,111,selected,693554.java,184,203,selected,253429.java,26,38,selected,2377910.java,12,26,selected,2102326.java,637,658,selected,1114967.java,51,59
23677126,sample,FTP_ApacheCommonsNet_Samples.java,40,45,sample,FTP_ApacheCommonsNet_Samples.java,40,45,sample,FTP_ApacheCommonsNet_Samples.java,33,38,sample,FTP_ApacheCommonsNet_Samples.java,11,16,sample,FTP_FTP4J_Samples.java,15,20,sample,FTP_ApacheCommonsNet_Samples.java,47,53,selected,268533.java,34,41,sample,FTP_ApacheCommonsNet_Samples.java,25,31,selected,756989.java,34,43,selected,1000320.java,32,41,selected,872169.java,52,60,selected,502121.java,187,209,sample,FTP_ApacheCommonsNet_Samples.java,55,60,sample,FTP_ApacheCommonsNet_Samples.java,62,67,selected,1620218.java,280,289,sample,FTP_FTP4J_Samples.java,22,27,selected,305499.java,19,27
23677133,sample,BubbleSort.java,3,19,selected,1494902.java,27,47,selected,937237.java,174,183,selected,2605903.java,174,183,selected,1830298.java,130,139,selected,1512563.java,130,139,selected,1152743.java,46,100,selected,352441.java,215,242,selected,1553526.java,257,268,selected,2380664.java,277,309,selected,1465507.java,293,310,selected,1316327.java,285,302,selected,107520.java,353,369,selected,2078647.java,32,56,selected,408464.java,25,35,selected,334423.java,871,882,default,49941.java,165,178
23677147,sample,DBUpdateAndRollback.java,10,29,sample,DBUpdateAndRollback.java,10,29,sample,DBUpdateAndRollback.java,31,50,selected,2045917.java,180,205,selected,720455.java,329,371,selected,812932.java,206,216,selected,176956.java,238,290,selected,2261003.java,110,135,selected,2045917.java,146,173,selected,812932.java,229,238,selected,812932.java,218,227,selected,812932.java,240,249,selected,680520.java,72,105,selected,1841359.java,499,533,selected,1841359.java,457,491,selected,487430.java,864,898,selected,702324.java,42,51
23677208,sample,ConnectToDatabaseJDBC.java,21,26,selected,1795870.java,37,48,selected,294552.java,195,219,selected,694563.java,61,74,selected,2005747.java,164,181,selected,1813790.java,75,98,selected,2496232.java,118,127,selected,2586718.java,187,205,selected,156670.java,18,23,selected,1260635.java,46,78,selected,1240736.java,32,64,selected,384059.java,245,263,sample,ConnectToDatabaseJDBC.java,8,20,selected,2734416.java,61,66,selected,1698883.java,49,60,selected,1787792.java,76,101,selected,1187015.java,34,46
23677186,sample,CallMethodUsingReflection.java,8,18,sample,CallMethodUsingReflection.java,28,45,sample,CallMethodUsingReflection.java,20,26,selected,130864.java,48,53,selected,1188786.java,48,53,selected,1084403.java,341,346,selected,2435933.java,213,230,selected,2435933.java,232,249,selected,2262946.java,38,43,selected,2527995.java,419,426,selected,2527995.java,439,446,selected,2075846.java,426,442,selected,2248580.java,204,230,selected,861370.java,633,642,selected,553894.java,81,101,selected,1783253.java,26,49,selected,2720181.java,209,227
23677141,sample,BubbleSort.java,147,163,selected,233155.java,17,40,selected,1494902.java,27,47,selected,1215060.java,276,312,default,45593.java,3,8,selected,1516545.java,263,298,selected,1152743.java,46,100,selected,937237.java,174,183,selected,2605903.java,174,183,selected,1830298.java,130,139,selected,1512563.java,130,139,selected,1709049.java,73,81,selected,352441.java,215,242,selected,1465507.java,293,310,selected,1316327.java,285,302,selected,1553526.java,257,268,selected,1143615.java,13,22
23677187,sample,CallMethodUsingReflection.java,20,26,selected,1087705.java,176,181,selected,1783253.java,26,49,selected,2256439.java,437,455,selected,829101.java,144,152,selected,1648080.java,149,157,selected,1084403.java,341,346,sample,CallMethodUsingReflection.java,28,45,selected,2527995.java,419,426,selected,2527995.java,439,446,selected,861370.java,633,642,selected,130864.java,48,53,selected,1188786.java,48,53,selected,2252655.java,115,122,selected,106780.java,181,211,selected,384370.java,177,207,selected,81601.java,70,83
23677139,sample,BubbleSort.java,111,127,selected,334423.java,871,882,selected,409154.java,85,106,selected,1494902.java,27,47,default,51560.java,874,900,selected,2467423.java,201,227,default,74994.java,1478,1504,default,32744.java,847,873,selected,1152743.java,46,100,selected,1709354.java,201,227,selected,937237.java,174,183,selected,2605903.java,174,183,selected,1830298.java,130,139,selected,1512563.java,130,139,selected,330299.java,172,182,selected,268279.java,131,141,selected,1266822.java,168,180
23677124,sample,FTP_ApacheCommonsNet_Samples.java,25,31,sample,FTP_ApacheCommonsNet_Samples.java,25,31,selected,502121.java,187,209,sample,FTP_ApacheCommonsNet_Samples.java,69,75,sample,FTP_ApacheCommonsNet_Samples.java,47,53,selected,872169.java,52,60,sample,FTP_ApacheCommonsNet_Samples.java,33,38,selected,756989.java,34,43,selected,1000320.java,32,41,selected,2441554.java,47,77,sample,FTP_FTP4J_Samples.java,15,20,sample,FTP_ApacheCommonsNet_Samples.java,62,67,sample,FTP_ApacheCommonsNet_Samples.java,55,60,selected,1111640.java,57,74,selected,831194.java,164,228,selected,46933.java,57,83,selected,550146.java,42,68
23677180,sample,OpenFileInDesktopApp.java,7,14,sample,OpenFileInDesktopApp.java,7,14,sample,OpenURLInSystemBrowser.java,8,15,selected,2246145.java,179,184,selected,2592168.java,86,99,selected,2108096.java,115,127,selected,972108.java,25,42,selected,1045267.java,28,39,selected,1014617.java,145,156,selected,667221.java,23,33,selected,1852562.java,303,316,selected,1021772.java,14,30,selected,2491900.java,20,26,selected,598204.java,1019,1034,selected,16247.java,34,46,selected,272619.java,716,731,selected,2338556.java,40,48
23677215,sample,DeleteFolderRecursively.java,20,51,selected,1658160.java,140,154,selected,1658160.java,42,70,sample,DeleteFolderRecursively.java,22,27,selected,511144.java,249,272,selected,1526561.java,65,163,selected,619765.java,433,439,selected,2578751.java,253,283,selected,143252.java,52,141,selected,2744271.java,102,117,selected,2220111.java,546,578,selected,2317036.java,36,53,selected,511144.java,258,263,selected,2675844.java,202,208,selected,619765.java,508,514,selected,331400.java,83,95,sample,CopyDirectoryTree.java,30,44
23677171,sample,PlaySound.java,29,44,selected,1466910.java,78,95,selected,1056857.java,37,75,default,72681.java,34,66,default,115663.java,34,66,selected,1354270.java,75,112,selected,2550647.java,61,103,selected,718658.java,17,45,selected,1701369.java,15,31,selected,1213840.java,15,31,selected,2130106.java,90,153,selected,2529700.java,29,73,selected,525839.java,20,58,selected,1212992.java,21,55,default,74469.java,88,123,default,74469.java,161,196,selected,1026329.java,66,98
23677113,sample,DownloadWebpage.java,55,67,sample,DownloadWebpage.java,55,67,selected,475921.java,18,41,selected,1673591.java,84,137,selected,2522796.java,15,33,selected,2199915.java,21,40,selected,120796.java,85,100,selected,2257776.java,77,118,selected,2257776.java,127,168,selected,962538.java,91,108,selected,1151328.java,21,38,selected,433456.java,52,85,selected,889501.java,22,51,selected,1196692.java,66,78,selected,1422483.java,524,536,selected,429360.java,39,53,selected,372843.java,147,176
23677140,sample,BubbleSort.java,129,145,default,51560.java,874,900,selected,2467423.java,201,227,selected,1461121.java,21,30,default,74994.java,1478,1504,default,32744.java,847,873,selected,1709354.java,201,227,selected,687754.java,678,685,selected,2380664.java,277,309,selected,352441.java,215,242,selected,2113555.java,314,324,selected,1348198.java,218,227,selected,1152743.java,46,100,selected,657042.java,211,223,selected,2645125.java,244,251,selected,1466254.java,291,307,selected,2210402.java,18,31
23677214,sample,DeleteFolderRecursively.java,11,17,selected,2009319.java,219,232,selected,925699.java,149,154,selected,648561.java,431,440,selected,753037.java,89,96,selected,797993.java,11,22,selected,460744.java,24,35,selected,2704462.java,24,35,selected,1084845.java,24,35,selected,2145959.java,63,72,selected,328405.java,43,57,selected,814804.java,69,77,selected,1151138.java,10,19,selected,648561.java,828,841,selected,469404.java,166,171,selected,2453286.java,22,39,selected,1790064.java,139,152
23677125,sample,FTP_ApacheCommonsNet_Samples.java,33,38,sample,FTP_ApacheCommonsNet_Samples.java,33,38,sample,FTP_ApacheCommonsNet_Samples.java,40,45,sample,FTP_ApacheCommonsNet_Samples.java,47,53,sample,FTP_ApacheCommonsNet_Samples.java,25,31,sample,FTP_ApacheCommonsNet_Samples.java,18,23,sample,FTP_FTP4J_Samples.java,22,27,selected,872169.java,52,60,selected,502121.java,187,209,selected,756989.java,34,43,selected,1000320.java,32,41,selected,268533.java,34,41,selected,1620218.java,280,289,sample,FTP_FTP4J_Samples.java,15,20,selected,2441554.java,47,77,sample,FTP_ApacheCommonsNet_Samples.java,62,67,sample,FTP_ApacheCommonsNet_Samples.java,55,60
23677134,sample,BubbleSort.java,21,37,selected,1461121.java,21,30,selected,2380664.java,277,309,selected,352441.java,215,242,selected,1348198.java,218,227,default,51560.java,874,900,selected,2467423.java,201,227,selected,1152743.java,46,100,selected,657042.java,211,223,selected,2645125.java,244,251,selected,2616037.java,549,560,selected,2536122.java,145,156,selected,1783419.java,120,131,selected,1645033.java,580,591,selected,1401999.java,120,131,selected,233155.java,17,40,selected,2629550.java,203,222
23677143,sample,BubbleSort.java,183,199,selected,1494902.java,27,47,selected,52880.java,327,340,selected,2031727.java,353,366,selected,1341525.java,165,178,selected,1152743.java,46,100,selected,937237.java,174,183,selected,2605903.java,174,183,selected,1830298.java,130,139,selected,1512563.java,130,139,selected,335421.java,16,25,selected,1582580.java,168,180,selected,188404.java,65,96,selected,352441.java,215,242,selected,335421.java,5,14,selected,2064988.java,98,158,selected,1234417.java,344,365
23677223,sample,CopyDirectoryTree.java,30,44,selected,2675844.java,202,208,selected,511144.java,249,272,selected,1658160.java,42,70,selected,2578751.java,253,283,selected,2067491.java,1525,1533,selected,2744271.java,102,117,selected,1797982.java,337,345,selected,1658160.java,140,154,selected,1797982.java,316,335,selected,2067491.java,1459,1523,sample,DeleteFolderRecursively.java,22,27,selected,2744271.java,107,114,selected,845746.java,50,64,selected,2220111.java,546,578,selected,511144.java,258,263,selected,2067491.java,1546,1559
23677228,sample,WritePDF.java,14,29,selected,442988.java,23,30,sample,WritePDF.java,14,29,selected,767359.java,42,73,selected,2076042.java,23,29,selected,985795.java,26,33,selected,1094602.java,29,61,selected,274694.java,22,29,selected,2237711.java,23,50,selected,635296.java,17,30,selected,2220702.java,22,35,selected,2234434.java,24,48,selected,883711.java,24,40,selected,951757.java,20,26,selected,309552.java,23,29,selected,2034106.java,51,80,selected,284915.java,22,47
23677190,sample,ParseXML2Dom.java,17,34,selected,1440227.java,346,356,selected,2512922.java,273,281,selected,275786.java,98,107,selected,685295.java,177,186,selected,1053077.java,27,33,selected,606665.java,66,72,selected,2339361.java,111,121,selected,1728717.java,40,49,selected,1741194.java,302,309,selected,1741194.java,311,318,selected,1076014.java,177,183,selected,1615631.java,56,64,selected,2162023.java,81,90,selected,164397.java,365,381,selected,254212.java,33,55,selected,514156.java,155,163
23677167,sample,CreateRSAKeys.java,27,32,sample,CreateRSAKeys.java,27,32,selected,1172151.java,78,88,selected,2403466.java,206,214,selected,485664.java,18,27,selected,39268.java,293,299,selected,2485565.java,332,338,selected,2500575.java,199,207,selected,884547.java,97,102,selected,1022819.java,20,36,selected,2065800.java,47,52,selected,1114871.java,47,52,selected,1010826.java,110,120,selected,840512.java,48,54,selected,555311.java,337,344,selected,815239.java,55,60,selected,1017210.java,136,142
23677132,sample,FTP_FTP4J_Samples.java,22,27,sample,FTP_FTP4J_Samples.java,15,20,selected,756989.java,34,43,selected,1000320.java,32,41,sample,FTP_FTP4J_Samples.java,22,27,selected,617041.java,40,50,sample,FTP_ApacheCommonsNet_Samples.java,33,38,selected,536984.java,85,115,selected,2069789.java,92,117,selected,2032756.java,62,82,selected,872169.java,52,60,selected,1111640.java,57,74,sample,FTP_ApacheCommonsNet_Samples.java,55,60,sample,FTP_ApacheCommonsNet_Samples.java,62,67,sample,FTP_ApacheCommonsNet_Samples.java,11,16,sample,FTP_ApacheCommonsNet_Samples.java,47,53,selected,502121.java,187,209
23677163,sample,LoadFont.java,21,26,selected,1846343.java,89,101,sample,LoadFont.java,21,26,selected,2064356.java,208,224,selected,337839.java,26,45,selected,948406.java,326,355,selected,1861123.java,65,91,sample,LoadFont.java,14,19,selected,864100.java,64,90,selected,906350.java,355,373,selected,2340916.java,398,427,selected,2055524.java,27,45,selected,2134614.java,720,734,selected,2133515.java,723,737,default,131555.java,11,20,selected,795046.java,173,198,selected,2383719.java,91,125
23677209,sample,LoadFileIntoByteArray.java,7,23,selected,1817984.java,35,58,selected,1123308.java,771,796,selected,1123308.java,209,251,selected,763517.java,159,170,default,85171.java,145,156,default,77766.java,145,156,default,3929.java,157,168,default,39053.java,145,156,default,120124.java,157,168,selected,2047840.java,25,64,selected,309669.java,110,122,selected,486580.java,218,233,selected,1567283.java,24,38,selected,2082205.java,60,72,selected,1880617.java,173,186,selected,2452750.java,38,54
23677118,sample,CopyFileSamples.java,63,69,selected,2451520.java,69,80,selected,2451520.java,56,67,sample,CopyFileSamples.java,63,69,selected,861615.java,507,528,selected,1751716.java,111,123,selected,863513.java,162,183,selected,2038155.java,283,326,selected,537810.java,153,199,selected,880474.java,604,625,selected,419813.java,77,92,selected,372617.java,499,520,selected,356375.java,500,521,selected,2668601.java,369,390,selected,1436558.java,190,211,selected,384761.java,135,152,selected,2435652.java,262,282
23677142,sample,BubbleSort.java,165,181,selected,233155.java,17,40,selected,1461121.java,21,30,selected,2380664.java,277,309,selected,352441.java,215,242,selected,1215060.java,276,312,default,51560.java,874,900,selected,1348198.java,218,227,selected,2467423.java,201,227,selected,1152743.java,46,100,selected,1516545.java,263,298,selected,657042.java,211,223,selected,2645125.java,244,251,selected,1059856.java,1555,1573,selected,2616037.java,549,560,selected,2536122.java,145,156,selected,1783419.java,120,131
23677148,sample,DBUpdateAndRollback.java,31,50,sample,DBUpdateAndRollback.java,10,29,sample,DBUpdateAndRollback.java,31,50,selected,209477.java,46,95,selected,20699.java,87,136,selected,1831338.java,45,94,selected,138171.java,46,95,selected,880736.java,46,72,selected,2380183.java,134,141,selected,1646826.java,391,441,selected,2453391.java,71,120,selected,2411651.java,236,285,selected,2355280.java,48,97,selected,1996720.java,49,98,selected,209477.java,97,131,selected,20699.java,138,172,selected,1831338.java,96,130
23677158,sample,BinarySearch.java,6,17,sample,BinarySearch.java,32,46,sample,BinarySearch.java,48,61,selected,108362.java,260,267,sample,BinarySearch.java,19,30,selected,1259181.java,292,306,selected,275369.java,356,369,selected,884088.java,346,414,selected,74771.java,452,459,selected,1220418.java,182,188,selected,2477342.java,759,800,selected,1190586.java,253,272,sample,BinarySearch.java,6,17,selected,2241768.java,198,207,selected,1579548.java,46,77,selected,2338938.java,5,17,selected,1323354.java,160,235
23677135,sample,BubbleSort.java,39,55,selected,1090849.java,456,496,selected,1494902.java,27,47,selected,265759.java,38,91,selected,1152743.java,46,100,selected,937237.java,174,183,selected,2605903.java,174,183,selected,1830298.java,130,139,selected,1512563.java,130,139,selected,1424368.java,390,408,selected,2629550.java,203,222,selected,2502968.java,386,405,selected,2155839.java,383,402,selected,1861661.java,382,401,selected,1419453.java,316,335,selected,352441.java,215,242,selected,833085.java,61,88
23677203,sample,CRC32FileChecksum.java,11,20,selected,1397797.java,405,414,selected,1806765.java,212,230,selected,2108993.java,430,450,default,73020.java,77,95,default,48279.java,77,95,default,38960.java,77,95,default,24605.java,77,95,selected,2722391.java,1100,1116,selected,2111982.java,1229,1245,selected,2338862.java,71,77,selected,1514414.java,123,132,selected,1162455.java,940,964,selected,484395.java,104,118,selected,758740.java,216,254,selected,2124910.java,190,213,selected,2108993.java,364,406
23677221,sample,ExtactUsingRegex.java,9,17,selected,1586600.java,79,91,selected,1389525.java,82,94,selected,1854044.java,600,612,selected,560725.java,27,37,selected,1912787.java,63,79,selected,1545595.java,335,370,selected,2472763.java,335,355,selected,1306460.java,77,87,selected,356580.java,237,253,selected,2038683.java,14,24,selected,2123309.java,51,56,selected,690417.java,203,213,selected,666673.java,204,214,selected,386952.java,92,105,selected,1023915.java,434,449,selected,702418.java,168,179
23677128,sample,FTP_ApacheCommonsNet_Samples.java,55,60,sample,FTP_ApacheCommonsNet_Samples.java,55,60,sample,FTP_ApacheCommonsNet_Samples.java,62,67,sample,FTP_ApacheCommonsNet_Samples.java,69,75,sample,FTP_ApacheCommonsNet_Samples.java,25,31,sample,FTP_FTP4J_Samples.java,22,27,sample,FTP_FTP4J_Samples.java,15,20,sample,FTP_ApacheCommonsNet_Samples.java,18,23,sample,FTP_ApacheCommonsNet_Samples.java,11,16,sample,FTP_ApacheCommonsNet_Samples.java,47,53,sample,FTP_ApacheCommonsNet_Samples.java,40,45,sample,FTP_ApacheCommonsNet_Samples.java,33,38,selected,2547913.java,19,44,selected,1620218.java,280,289,selected,756989.java,34,43,selected,1000320.java,32,41,selected,2422816.java,58,79
23677159,sample,BinarySearch.java,19,30,sample,BinarySearch.java,48,61,sample,BinarySearch.java,32,46,default,120457.java,10,28,selected,108362.java,260,267,selected,1028764.java,1281,1288,selected,2589151.java,23,36,selected,1259181.java,292,306,selected,2338938.java,5,17,selected,1559389.java,351,357,selected,1190586.java,253,272,selected,860866.java,353,371,selected,884088.java,346,414,selected,2163725.java,106,112,selected,413554.java,238,244,selected,357582.java,24,44,selected,275369.java,356,369
23677204,sample,ExecuteExternalProcessAndReadInput.java,10,36,sample,ExecuteExternalProcessAndReadInput.java,10,36,selected,1878518.java,36,54,selected,2423955.java,250,320,selected,565925.java,354,360,selected,518937.java,99,127,selected,1482512.java,56,91,selected,2163907.java,35,74,selected,400866.java,97,137,selected,1761017.java,71,77,selected,1597538.java,138,148,selected,428040.java,275,287,selected,1766044.java,31,75,selected,171595.java,34,59,selected,2146112.java,47,75,selected,1141490.java,25,65,selected,2633850.java,77,98
23677211,sample,getMACAddresInStandardForm.java,27,39,sample,getMACAddresInStandardForm.java,9,25,selected,2706991.java,10,33,sample,getMACAddresInStandardForm.java,27,39,selected,1373426.java,339,366,selected,1125396.java,101,153,selected,440776.java,307,356,selected,2544031.java,11,34,selected,460998.java,14,42,selected,2089940.java,382,400,selected,16202.java,1071,1109,selected,384778.java,207,225,selected,2296872.java,1798,1817,selected,1964126.java,26,53,selected,527112.java,15,34,selected,1610413.java,306,318,selected,256821.java,281,301
23677155,sample,ShuffleArrayInPlace.java,16,32,selected,526888.java,866,875,selected,440313.java,19,31,selected,2696378.java,32,42,selected,1976070.java,20,37,selected,1068567.java,91,99,selected,860866.java,722,730,selected,301306.java,614,622,selected,7627.java,13,25,selected,1120858.java,13,25,selected,273852.java,891,898,selected,1821592.java,891,898,selected,1884534.java,193,203,selected,621967.java,62,67,selected,1579977.java,90,95,selected,860866.java,382,387,selected,1860333.java,488,496
23677188,sample,CallMethodUsingReflection.java,28,45,sample,CallMethodUsingReflection.java,20,26,selected,1087705.java,176,181,selected,130864.java,48,53,selected,1188786.java,48,53,selected,1334180.java,296,301,selected,292916.java,119,131,selected,1136217.java,128,140,selected,253098.java,85,93,selected,955731.java,66,79,selected,767128.java,63,81,selected,769579.java,41,51,selected,551474.java,46,56,selected,1911746.java,43,53,selected,120511.java,93,103,selected,56283.java,97,119,selected,2256439.java,437,455
23677121,sample,UnZip.java,46,83,selected,891591.java,25,52,selected,2451225.java,102,131,selected,138101.java,118,147,selected,1358554.java,17,36,selected,2708585.java,598,638,selected,1504515.java,130,156,selected,156891.java,24,45,selected,1729199.java,104,147,selected,2103267.java,15,77,selected,1117559.java,89,110,selected,992903.java,21,40,selected,588580.java,194,269,selected,1270152.java,139,174,default,132256.java,29,65,default,109059.java,29,65,selected,69722.java,52,86
23677193,sample,ConvertDateFormat.java,8,19,sample,ConvertDateFormat.java,8,19,selected,75755.java,28,38,selected,694614.java,278,291,selected,697261.java,222,235,selected,2448177.java,130,141,selected,2355301.java,132,143,selected,125497.java,20,29,selected,2448177.java,44,55,selected,2355301.java,46,57,selected,2576261.java,46,57,selected,2448177.java,94,105,selected,2355301.java,96,107,selected,2355301.java,145,156,selected,2576261.java,132,143,selected,694614.java,300,310,selected,1570453.java,98,106
23677150,sample,SetUpGraphicalViewerSelectionEventHandler.java,2,9,sample,SetUpGraphicalViewerSelectionEventHandler.java,2,9,selected,1861857.java,18,32,selected,597617.java,334,341,selected,2194550.java,346,353,selected,118500.java,336,343,selected,2644843.java,43,53,selected,1148294.java,64,71,selected,1717201.java,66,77,selected,811805.java,72,83,selected,2016886.java,161,175,selected,1338880.java,154,168,selected,283402.java,200,213,selected,2032324.java,115,128,selected,2432947.java,46,54,selected,1677433.java,86,94,selected,1587194.java,86,94
23677176,sample,XMPPSendMessage.java,10,26,selected,2646196.java,22,34,sample,XMPPSendMessage.java,10,26,selected,652416.java,81,92,selected,2727082.java,97,112,selected,1989886.java,22,44,selected,2383306.java,27,40,selected,510678.java,21,45,selected,1260121.java,22,42,selected,1246248.java,27,41,selected,833807.java,118,146,selected,172245.java,28,43,selected,2039854.java,31,105,selected,1964860.java,41,55,selected,1320309.java,16,21,selected,1517373.java,67,91,selected,1621446.java,149,161
23677123,sample,FTP_ApacheCommonsNet_Samples.java,18,23,sample,FTP_ApacheCommonsNet_Samples.java,33,38,selected,756989.java,34,43,selected,1000320.java,32,41,sample,FTP_ApacheCommonsNet_Samples.java,55,60,sample,FTP_ApacheCommonsNet_Samples.java,62,67,sample,FTP_FTP4J_Samples.java,15,20,sample,FTP_ApacheCommonsNet_Samples.java,18,23,selected,872169.java,52,60,sample,FTP_ApacheCommonsNet_Samples.java,47,53,selected,502121.java,187,209,selected,1620218.java,280,289,sample,FTP_ApacheCommonsNet_Samples.java,69,75,selected,2441554.java,47,77,selected,305499.java,19,27,sample,FTP_ApacheCommonsNet_Samples.java,11,16,selected,2547913.java,19,44
23677195,sample,FileChooser.java,9,36,sample,FileChooser.java,9,36,selected,285082.java,277,291,selected,1443270.java,8,17,selected,515307.java,145,154,selected,474673.java,134,142,selected,1576998.java,208,217,selected,114403.java,156,164,selected,1578660.java,655,673,selected,2184113.java,75,93,selected,1729645.java,53,68,selected,2289505.java,62,73,selected,1716332.java,84,97,selected,2610848.java,135,150,selected,8551.java,111,121,selected,450485.java,141,156,selected,1951603.java,395,406
23677219,sample,ParseCSVFile.java,11,26,selected,1403014.java,59,80,selected,402009.java,67,111,selected,2240712.java,131,145,default,99267.java,49,73,default,54703.java,37,71,default,27311.java,37,71,selected,1375316.java,209,231,default,730.java,150,189,default,69214.java,150,189,selected,1384659.java,108,135,selected,662109.java,54,111,selected,74059.java,295,357,selected,1810115.java,192,201,selected,2378976.java,34,60,selected,781454.java,71,83,selected,2526129.java,52,73
23677153,sample,PrimeFactors.java,18,28,selected,687118.java,43,60,selected,2497177.java,52,87,selected,1755901.java,17,22,selected,46769.java,46,59,selected,2678037.java,19,59,selected,1784153.java,19,59,selected,1085396.java,19,59,selected,809529.java,19,53,selected,2282485.java,19,53,selected,1872479.java,19,53,selected,143048.java,19,53,selected,2293158.java,1107,1145,selected,213874.java,1107,1145,selected,1254189.java,1107,1145,selected,1136418.java,152,164,selected,158783.java,32,66
23677191,sample,ParseXML2Dom.java,36,47,sample,ParseXML2Dom.java,36,47,selected,105192.java,74,94,default,4208.java,74,119,selected,2648208.java,115,162,selected,2055740.java,265,293,default,103.java,143,220,selected,777569.java,260,318,selected,1451132.java,24,86,selected,746748.java,122,145,selected,173249.java,95,136,selected,642686.java,20,59,selected,1144492.java,59,87,selected,20585.java,110,132,selected,1867390.java,30,125,selected,1387478.java,30,125,selected,2263737.java,25,82
23677144,sample,BubbleSort.java,201,217,selected,1461121.java,21,30,selected,2380664.java,277,309,selected,352441.java,215,242,selected,2140970.java,28,58,default,51560.java,874,900,selected,1348198.java,218,227,selected,1466254.java,269,285,selected,2467423.java,201,227,selected,1152743.java,46,100,selected,1466254.java,291,307,selected,657042.java,211,223,selected,2645125.java,244,251,selected,747892.java,421,432,selected,1218275.java,103,114,selected,2616037.java,549,560,selected,2536122.java,145,156
23677178,sample,ResizeObjectArray.java,2,14,selected,1820558.java,8,15,selected,1366996.java,174,181,selected,420047.java,148,155,selected,92861.java,191,198,selected,653668.java,167,174,selected,62556.java,83,90,selected,2577087.java,41,49,selected,2542923.java,55,62,selected,2211592.java,285,292,selected,1727686.java,162,169,selected,530339.java,36,47,selected,1549754.java,28,37,selected,125045.java,192,202,selected,1171071.java,18,25,selected,69818.java,60,67,selected,2096239.java,169,176
23677151,sample,CreateJavaProject.java,16,42,sample,CreateJavaProject.java,16,42,selected,930644.java,64,107,selected,2683343.java,77,117,selected,791524.java,64,108,selected,2254651.java,416,447,selected,1001615.java,416,447,selected,1201356.java,61,92,selected,223344.java,75,121,selected,449652.java,180,202,selected,2448991.java,51,101,selected,448076.java,301,328,selected,2328834.java,47,81,selected,2191998.java,35,86,selected,1359154.java,171,224,selected,2162468.java,75,126,selected,1359154.java,364,416
23677119,sample,CopyFileSamples.java,71,79,selected,38712.java,8,31,selected,1830236.java,18,40,selected,2441147.java,231,241,selected,553641.java,12,20,selected,1556441.java,24,32,selected,933430.java,26,50,selected,69220.java,355,368,selected,1555111.java,15,37,selected,2404007.java,50,62,selected,2373515.java,25,37,selected,965904.java,71,86,selected,357931.java,25,78,selected,1854591.java,27,80,selected,851372.java,27,38,selected,1146933.java,86,106,selected,1423001.java,38,51
23677122,sample,FTP_ApacheCommonsNet_Samples.java,11,16,selected,872169.java,52,60,sample,FTP_ApacheCommonsNet_Samples.java,47,53,sample,FTP_ApacheCommonsNet_Samples.java,40,45,sample,FTP_ApacheCommonsNet_Samples.java,11,16,selected,756989.java,34,43,selected,1000320.java,32,41,selected,502121.java,187,209,sample,FTP_FTP4J_Samples.java,22,27,selected,2441554.java,47,77,sample,FTP_ApacheCommonsNet_Samples.java,62,67,sample,FTP_ApacheCommonsNet_Samples.java,55,60,selected,1620218.java,280,289,selected,1111640.java,57,74,selected,831194.java,164,228,selected,221058.java,184,229,selected,478016.java,97,163
23677173,sample,ScreenShot.java,14,20,selected,2525817.java,349,361,selected,2457523.java,52,61,selected,2514309.java,19,31,selected,1227232.java,347,365,selected,1192237.java,25,33,selected,2364940.java,31,40,selected,2071198.java,82,91,selected,1663941.java,36,49,selected,1162973.java,20,34,selected,1945464.java,135,148,selected,2193420.java,158,171,default,45575.java,19,32,selected,1584928.java,197,209,selected,1178310.java,391,403,selected,934365.java,44,64,selected,1235773.java,97,135
23677111,sample,DownloadWebpage.java,20,30,selected,1943444.java,90,114,selected,480614.java,14,41,selected,2222568.java,107,116,selected,587075.java,555,575,selected,1869887.java,24,46,selected,1348519.java,100,149,selected,1958339.java,74,96,selected,853751.java,12,22,selected,1298162.java,13,27,selected,13872.java,94,109,selected,1030847.java,51,60,selected,1869887.java,48,69,selected,1776101.java,457,479,selected,1125815.java,166,196,selected,421680.java,25,48,selected,2093063.java,194,209
23677184,sample,GCD.java,24,32,selected,1322429.java,1023,1045,selected,112087.java,17,27,selected,1898130.java,371,379,selected,224656.java,441,456,selected,1297932.java,205,212,selected,907011.java,11,16,selected,1878444.java,11,16,selected,1106479.java,5,12,selected,2349972.java,411,429,default,42487.java,134,141,selected,2541036.java,233,243,selected,275270.java,20,33,selected,1728583.java,86,101,selected,955923.java,11,18,selected,895458.java,11,18,selected,882298.java,15,22
23677220,sample,TransposeMatrix.java,4,12,selected,2309315.java,449,462,selected,2475844.java,458,463,selected,1546905.java,184,196,selected,1546905.java,148,161,selected,1987821.java,132,141,selected,859338.java,33,46,selected,447765.java,484,497,selected,935488.java,184,193,selected,1433610.java,13,35,selected,1567918.java,204,216,selected,2012808.java,28,62,selected,2202763.java,190,205,selected,1880972.java,189,204,selected,1880284.java,382,391,selected,900584.java,444,453,selected,868705.java,425,434
23677170,sample,PlaySound.java,21,26,selected,2722993.java,42,47,selected,1727677.java,46,52,selected,1727677.java,26,31,selected,2334486.java,89,97,selected,1811502.java,42,48,selected,2370516.java,18,25,selected,1351692.java,26,41,selected,2334486.java,70,76,default,84453.java,21,37,selected,1334850.java,31,45,selected,2463850.java,34,46,selected,2727201.java,39,54,selected,695761.java,9,35,selected,1298966.java,67,80,selected,2361511.java,282,297,default,541.java,8,26
23677146,sample,BubbleSort.java,238,254,selected,260759.java,19,33,selected,260759.java,44,60,default,120457.java,10,28,selected,1465507.java,244,261,selected,1316327.java,236,253,selected,697222.java,163,174,selected,413554.java,246,254,selected,717722.java,95,105,selected,1110104.java,103,113,default,60017.java,67,77,default,39329.java,67,77,selected,1559389.java,351,357,selected,1529115.java,41,49,selected,717722.java,77,87,selected,1110104.java,85,95,default,60017.java,49,59
23677189,sample,CallMethodUsingReflection.java,47,52,sample,CallMethodUsingReflection.java,47,52,sample,CallMethodUsingReflection.java,28,45,selected,313382.java,310,342,selected,1754394.java,8,16,selected,1980784.java,146,158,selected,599650.java,74,80,selected,338940.java,58,66,selected,328084.java,48,61,selected,2024524.java,40,53,selected,714636.java,19,25,selected,2314628.java,11,16,selected,162903.java,11,16,selected,971667.java,56,63,selected,27565.java,13,22,selected,599650.java,64,72,selected,2591247.java,174,180
23677152,sample,PrimeFactors.java,6,16,selected,687118.java,43,60,selected,2497177.java,52,87,selected,1755901.java,17,22,selected,46769.java,46,59,selected,2678037.java,19,59,selected,1784153.java,19,59,selected,1085396.java,19,59,selected,809529.java,19,53,selected,2282485.java,19,53,selected,1872479.java,19,53,selected,143048.java,19,53,selected,2293158.java,1107,1145,selected,213874.java,1107,1145,selected,1254189.java,1107,1145,selected,1136418.java,152,164,selected,158783.java,32,66
23677160,sample,BinarySearch.java,32,46,sample,BinarySearch.java,19,30,sample,BinarySearch.java,6,17,sample,BinarySearch.java,48,61,selected,108362.java,260,267,selected,1259181.java,292,306,selected,884088.java,346,414,selected,32092.java,64,82,selected,32092.java,47,62,selected,275369.java,356,369,selected,1190586.java,253,272,selected,113171.java,80,207,selected,163418.java,240,261,selected,2735295.java,365,405,selected,2588360.java,5,29,selected,2145276.java,379,463,selected,2338938.java,5,17
23677194,sample,ZipFiles.java,11,39,selected,2589479.java,441,458,selected,1015085.java,104,122,selected,2548597.java,109,147,selected,2174748.java,103,118,selected,1606414.java,964,974,selected,989930.java,67,78,selected,624262.java,98,115,selected,1562310.java,113,141,selected,899431.java,124,135,selected,2495537.java,99,116,selected,1606414.java,1079,1096,selected,304326.java,436,449,selected,761506.java,42,70,selected,606125.java,66,88,selected,2221992.java,25,58,selected,880408.java,311,328
23677196,sample,FileChooser.java,38,65,sample,FileChooser.java,38,65,selected,285082.java,277,291,selected,1802924.java,871,889,selected,1443270.java,8,17,selected,23673.java,277,291,selected,1951603.java,395,406,selected,515307.java,145,154,selected,474673.java,134,142,selected,1576998.java,208,217,selected,114403.java,156,164,selected,1816600.java,229,237,selected,767511.java,60,70,selected,1089866.java,24,29,selected,1578660.java,655,673,selected,1614206.java,381,392,selected,2659475.java,204,218
23677161,sample,BinarySearch.java,48,61,sample,BinarySearch.java,19,30,sample,BinarySearch.java,6,17,default,120457.java,10,28,selected,108362.java,260,267,selected,1259181.java,292,306,selected,2589151.java,23,36,selected,884088.java,346,414,selected,2703798.java,742,765,selected,1559389.java,351,357,selected,2168181.java,132,159,selected,2338938.java,5,17,selected,1028764.java,1281,1288,selected,2703798.java,767,796,selected,1559389.java,324,330,selected,697222.java,49,76,selected,275369.java,356,369
23677131,sample,FTP_FTP4J_Samples.java,15,20,sample,FTP_FTP4J_Samples.java,22,27,sample,FTP_FTP4J_Samples.java,15,20,selected,756989.java,34,43,selected,1000320.java,32,41,selected,2032756.java,62,82,selected,872169.java,52,60,sample,FTP_ApacheCommonsNet_Samples.java,47,53,selected,1111640.java,57,74,selected,617041.java,40,50,sample,FTP_ApacheCommonsNet_Samples.java,40,45,selected,502121.java,187,209,selected,536984.java,85,115,selected,2069789.java,92,117,selected,714671.java,51,86,sample,FTP_ApacheCommonsNet_Samples.java,25,31,selected,1620218.java,280,289
