sample,TestPalindrome.java,2,13,Q,,,
sample,TestPalindrome.java,2,13,1,T,,
selected,950600.java,420,425,,F,CR,
selected,1372047.java,420,425,,F,CR,
selected,1628134.java,456,465,,F,CR,
selected,1239983.java,170,175,,F,CR,
selected,750201.java,74,80,,F,CR,
selected,491565.java,387,392,,F,CR,
selected,1874147.java,386,391,,F,CR,
selected,1568515.java,76,82,,F,CR,
selected,1956086.java,146,151,,F,CR,
selected,1673168.java,124,129,,F,CR,
selected,1346757.java,124,129,,F,,
selected,1396952.java,24,30,,F,,
selected,2165767.java,185,191,,F,,
selected,1726801.java,124,130,,F,,
sample,BubbleSort.java,93,109,Q,,,
sample,BubbleSort.java,93,109,1,T,,
sample,BubbleSort.java,165,181,3,T,,
sample,BubbleSort.java,129,145,3,T,,
sample,BubbleSort.java,21,37,3,T,,
sample,BubbleSort.java,57,73,3,T,,
sample,BubbleSort.java,201,217,3,T,,
sample,BubbleSort.java,238,254,3,T,,
selected,1339849.java,72,85,3,T,,
default,87418.java,21,37,3,T,,
default,87418.java,5,19,3,T,,
selected,2606539.java,31,47,3,T,,
selected,372059.java,33,47,3,T,,
selected,1575844.java,803,814,3,T,,
selected,307350.java,22,36,3,T,,
selected,2606539.java,49,66,3,T,,
sample,FTP_ApacheCommonsNet_Samples.java,62,67,Q,,,
sample,FTP_ApacheCommonsNet_Samples.java,62,67,1,T,,
sample,FTP_ApacheCommonsNet_Samples.java,69,75,3,T,,
sample,FTP_ApacheCommonsNet_Samples.java,55,60,3,T,,
sample,FTP_ApacheCommonsNet_Samples.java,11,16,3,T,,
sample,FTP_ApacheCommonsNet_Samples.java,33,38,3,T,,
sample,FTP_ApacheCommonsNet_Samples.java,25,31,3,T,,
sample,FTP_ApacheCommonsNet_Samples.java,47,53,3,T,,
sample,FTP_ApacheCommonsNet_Samples.java,18,23,3,T,,
sample,FTP_ApacheCommonsNet_Samples.java,40,45,3,T,,
sample,FTP_FTP4J_Samples.java,15,20,3,T,,
selected,943597.java,15,20,3,T,,
selected,1882302.java,50,55,,F,,
sample,FTP_FTP4J_Samples.java,22,27,3,T,,
selected,1225693.java,165,179,,F,,
selected,2282501.java,15,25,3,T,,
sample,Fibonacci.java,3,10,Q,,,
sample,Fibonacci.java,3,10,1,T,,
selected,1674801.java,16,25,3,T,,
selected,1531853.java,14,24,3,T,CR,
selected,608918.java,24,31,,F,CR,
selected,1392758.java,91,96,,F,CR,
default,74994.java,1506,1512,,F,CR,
default,51560.java,902,908,,F,CR,
default,32744.java,875,881,,F,CR,
selected,2467423.java,235,241,,F,CR,
selected,1709354.java,235,241,,F,CR,
selected,1392758.java,105,110,,F,CR,
selected,1889173.java,340,345,,F,,
selected,1837759.java,34,39,,F,,
selected,194569.java,671,681,,F,,
selected,1119757.java,22,27,,F,,
sample,FTP_ApacheCommonsNet_Samples.java,69,75,Q,,,
sample,FTP_ApacheCommonsNet_Samples.java,69,75,1,T,,
sample,FTP_ApacheCommonsNet_Samples.java,62,67,3,T,,
sample,FTP_ApacheCommonsNet_Samples.java,55,60,3,T,,
sample,FTP_ApacheCommonsNet_Samples.java,11,16,3,T,,
sample,FTP_ApacheCommonsNet_Samples.java,33,38,3,T,,
sample,FTP_ApacheCommonsNet_Samples.java,25,31,3,T,,
sample,FTP_ApacheCommonsNet_Samples.java,47,53,3,T,,
sample,FTP_ApacheCommonsNet_Samples.java,18,23,3,T,,
sample,FTP_ApacheCommonsNet_Samples.java,40,45,3,T,,
sample,FTP_FTP4J_Samples.java,15,20,3,T,,
selected,943597.java,15,20,3,T,,
selected,2109847.java,43,56,,F,,
selected,1450277.java,76,125,,F,,
selected,1070911.java,87,94,,F,,
selected,2624713.java,510,516,,F,,
sample,DownloadWebpage.java,32,53,Q,,,
sample,DownloadWebpage.java,32,53,1,T,,
sample,DownloadWebpage.java,20,30,3,T,,
selected,1286479.java,59,102,3,T,,
default,107947.java,47,58,,F,CR,
selected,237460.java,259,268,,F,CR,
selected,1688089.java,284,293,,F,CR,
selected,113970.java,284,293,,F,CR,
selected,2530941.java,301,346,3,T,CR,**
selected,237460.java,240,249,,F,CR,
selected,1688089.java,265,274,,F,CR,
selected,113970.java,265,274,,F,CR,
selected,756606.java,328,337,,F,,
selected,1063147.java,425,434,,F,,
selected,2527103.java,303,332,,F,,
sample,DownloadWebpage.java,55,67,3,T,,
sample,FTP_ApacheCommonsNet_Samples.java,47,53,Q,,,
sample,FTP_ApacheCommonsNet_Samples.java,47,53,1,T,,
sample,FTP_ApacheCommonsNet_Samples.java,25,31,3,T,,
sample,FTP_ApacheCommonsNet_Samples.java,33,38,3,T,,
sample,FTP_ApacheCommonsNet_Samples.java,40,45,3,T,,
sample,FTP_ApacheCommonsNet_Samples.java,11,16,3,T,,
sample,FTP_ApacheCommonsNet_Samples.java,18,23,3,T,,
sample,FTP_FTP4J_Samples.java,22,27,3,T,,
sample,FTP_ApacheCommonsNet_Samples.java,69,75,3,T,,
sample,FTP_FTP4J_Samples.java,15,20,3,T,,
sample,FTP_ApacheCommonsNet_Samples.java,62,67,3,T,,
sample,FTP_ApacheCommonsNet_Samples.java,55,60,3,T,,
selected,2626685.java,112,126,3,T,,
selected,189178.java,118,133,3,T,,
selected,1654038.java,111,126,3,T,,
selected,2549024.java,214,220,,F,,
sample,CopyFileSamples.java,55,61,Q,,,
sample,CopyFileSamples.java,55,61,1,T,,
sample,CopyFileSamples.java,63,69,2,T,,
selected,1720162.java,15,21,3,T,CR,
selected,836722.java,118,126,3,T,,
selected,1823751.java,50,58,3,T,,
selected,77754.java,849,857,3,T,,
selected,591946.java,827,835,3,T,,
selected,499481.java,849,857,3,T,,
selected,2455851.java,855,863,3,T,,
selected,2077739.java,747,755,3,T,,
sample,CopyFileSamples.java,42,53,3,T,,
selected,300610.java,56,65,,F,,
selected,734567.java,14,24,,F,,
selected,684416.java,40,46,,F,,
selected,2697477.java,64,74,,F,,
sample,FileChooser.java,96,123,Q,,,
sample,FileChooser.java,96,123,1,T,,
sample,FileChooser.java,67,94,2,T,,
sample,FileChooser.java,38,65,3,T,,
sample,FileChooser.java,9,36,3,T,,
selected,1170890.java,1750,1761,3,T,CR,**
selected,1683781.java,600,609,3,T,CR,**
selected,2628336.java,172,182,3,T,CR,**
selected,2174721.java,90,107,3,T,CR,**
selected,2055590.java,19,30,3,T,CR,**
selected,1975882.java,68,75,3,T,CR,**
selected,1644577.java,302,312,3,T,CR,**
selected,1495911.java,600,608,,F,,
selected,1101722.java,25,31,,F,,
selected,1101722.java,17,23,,F,,
selected,1683781.java,596,612,,F,,
sample,LoadFont.java,14,19,Q,,,
sample,LoadFont.java,14,19,1,T,,
sample,LoadFont.java,21,26,3,T,,
selected,2584533.java,68,89,3,T,,
selected,1238225.java,19,33,,F,CR,
selected,948406.java,326,355,3,T,,
selected,2055524.java,27,45,3,T,,
selected,1978177.java,82,91,,F,CR,
selected,169000.java,212,221,,F,CR,
selected,383097.java,247,269,,F,CR,
selected,1113584.java,97,102,,F,CR,
selected,913202.java,577,586,,F,CR,
selected,587362.java,270,286,,F,,
default,131555.java,11,20,3,T,,
selected,2340916.java,398,427,3,T,,
selected,2064356.java,208,224,3,T,,
sample,GCD.java,11,18,Q,,,
sample,GCD.java,11,18,1,T,,
selected,25736.java,12,19,2,T,CR,** exact code with different method signature
selected,1326509.java,95,102,2,T,CR,** exact code with different method signature
selected,2420319.java,467,474,2,T,CR,** exact code with different method signature
selected,1757323.java,273,280,2,T,CR,** exact code with different method signature
selected,2437917.java,138,145,2,T,CR,** exact code with different method signature
selected,2323800.java,20,27,3,T,CR,** add Math.abs at the return statement.
selected,1106479.java,5,12,3,T,CR,** different check in the if statement.
selected,1671140.java,17,24,3,T,CR,** different statement ordering
selected,2541036.java,191,201,3,T,CR,** more verbose version
selected,2541036.java,233,243,3,T,CR,** type-2 clone of the one above. Int is changed to long.
selected,2541036.java,275,286,3,T,CR,** type-3 clone of the one above. Int is changed to double.
selected,1512162.java,212,224,3,T,CR,
selected,725302.java,248,255,3,T,,
selected,749776.java,58,65,3,T,CR,
sample,ExecuteExternalProcessAndReadInput.java,38,54,Q,,,
sample,ExecuteExternalProcessAndReadInput.java,38,54,1,T,,
selected,1239429.java,12,31,,F,CR,
default,121528.java,44,83,3,T,,
selected,1821253.java,195,214,,F,CR,
selected,1821253.java,188,218,,F,CR,
selected,1697187.java,63,69,3,T,CR,
selected,888705.java,212,222,,F,CR,
selected,888705.java,227,237,,F,CR,
default,32694.java,25,34,3,T,,
selected,1055240.java,78,86,,F,CR,
selected,131149.java,17,30,,F,CR,
selected,2132338.java,8,14,,F,,
selected,1797413.java,27,35,,F,,
selected,2194664.java,7,19,,F,,
selected,1987088.java,479,494,,F,,
sample,EncryptFile.java,16,37,Q,,,
sample,EncryptFile.java,16,37,1,T,,
selected,1583048.java,140,151,,F,CR,
selected,2177549.java,130,138,,F,CR,
selected,259205.java,291,297,,F,CR,
selected,141699.java,283,294,,F,CR,
selected,812248.java,178,189,,F,CR,
selected,1252402.java,334,355,,F,CR,
selected,54341.java,35,54,,F,CR,
selected,707787.java,121,144,3,T,,
selected,1538113.java,112,131,3,T,,
default,63589.java,1081,1089,,F,CR,
default,34119.java,1081,1089,,F,CR,
selected,74541.java,82,94,,F,CR,
selected,1928527.java,230,245,,F,CR,
selected,707787.java,163,186,,F,,
sample,BubbleSort.java,75,91,Q,,,
sample,BubbleSort.java,75,91,1,T,,
sample,BubbleSort.java,147,163,3,T,,
sample,BubbleSort.java,111,127,3,T,,
sample,BubbleSort.java,3,19,3,T,,
sample,BubbleSort.java,39,55,3,T,,
sample,BubbleSort.java,183,199,3,T,,
selected,1339849.java,72,85,3,T,,
selected,1695775.java,96,110,3,T,,
selected,12404.java,62,76,3,T,,
sample,BubbleSort.java,93,109,3,T,,
sample,BubbleSort.java,165,181,3,T,,
sample,BubbleSort.java,129,145,3,T,,
sample,BubbleSort.java,21,37,3,T,,
sample,BubbleSort.java,57,73,3,T,,
sample,BubbleSort.java,201,217,3,T,,
sample,BubbleSort.java,57,73,Q,,,
sample,BubbleSort.java,57,73,1,T,,
sample,BubbleSort.java,165,181,3,T,,
sample,BubbleSort.java,129,145,3,T,,
sample,BubbleSort.java,21,37,3,T,,
sample,BubbleSort.java,93,109,3,T,,
sample,BubbleSort.java,201,217,3,T,,
sample,BubbleSort.java,238,254,3,T,,
selected,1339849.java,72,85,3,T,,
default,87418.java,21,37,3,T,,
default,87418.java,5,19,3,T,,
selected,2606539.java,31,47,3,T,,
selected,372059.java,33,47,3,T,,
selected,1575844.java,803,814,3,T,,
selected,307350.java,22,36,3,T,,
selected,2606539.java,49,66,3,T,,
sample,CreateRSAKeys.java,34,54,Q,,,
sample,CreateRSAKeys.java,34,54,1,T,,
selected,377993.java,277,306,,F,CR,
selected,1030175.java,50,59,3,T,CR,** similar method to generate public-private key
selected,2178771.java,30,37,3,T,,
selected,108370.java,19,35,3,T,CR,** similar method to generate public-private key
selected,555311.java,337,344,3,T,CR,** similar method to generate public-private key
selected,1142289.java,62,67,3,T,CR,** similar method to generate public-private key
selected,2322320.java,27,37,3,T,CR,** similar method to generate public-private key
selected,2210863.java,24,30,3,T,CR,** similar method to generate public-private key
selected,767944.java,284,305,3,T,CR,** similar method to generate public-private key + certificate
selected,2578132.java,110,132,3,T,CR,** similar method to generate public-private key + certificate
selected,1893609.java,55,65,3,T,CR,** similar method to generate public-private key
selected,400025.java,131,144,3,T,,
selected,58801.java,82,95,3,T,CR,** similar method to generate public-private key
selected,1659914.java,128,137,3,T,CR,** similar method to generate public-private key
sample,InstantiateNamedClassUsingReflection.java,7,12,Q,,,
sample,InstantiateNamedClassUsingReflection.java,7,12,1,T,,
selected,296454.java,121,127,3,T,,
selected,554105.java,89,98,3,T,CR,
selected,209555.java,97,105,3,T,CR,
selected,287304.java,32,43,,F,CR,
selected,2282446.java,39,45,3,T,CR,
selected,1580512.java,39,45,3,T,CR,
selected,610141.java,16,29,3,T,,
selected,518671.java,119,124,3,T,CR,** Using Reflector instead of Constructor
selected,203419.java,42,52,3,T,CR,
selected,2129878.java,47,65,3,T,CR,** lots of exception handlers
selected,2080009.java,31,47,,F,,
selected,1830290.java,32,37,,F,,
selected,2300994.java,40,52,,F,,
selected,2389164.java,135,145,,F,,
sample,ShuffleArrayInPlace.java,50,66,Q,,,
sample,ShuffleArrayInPlace.java,50,66,1,T,,
sample,ShuffleArrayInPlace.java,16,32,3,T,,
selected,1999677.java,7,15,3,T,,
selected,164450.java,29,37,3,T,,
sample,ShuffleArrayInPlace.java,34,48,3,T,,
selected,212699.java,9,17,3,T,,
selected,913640.java,78,87,3,T,,
selected,918764.java,37,45,3,T,,
selected,2638398.java,52,61,3,T,CR,*** good example of T3 with lots of differences
selected,700011.java,81,90,,F,CR,?? not shuffle but reverse the array
selected,1563205.java,196,204,3,T,CR,** another good example of T3
selected,1791798.java,14,22,3,T,,
selected,208226.java,75,84,,F,,
selected,2644288.java,12,19,3,T,,
selected,439116.java,77,88,,F,,
sample,CopyDirectoryTree.java,18,27,Q,,,
sample,CopyDirectoryTree.java,18,27,1,T,,
selected,1977804.java,198,208,,F,CR,
selected,204550.java,130,145,,F,CR,
selected,490076.java,134,146,,F,CR,
selected,2264215.java,97,108,,F,CR,
selected,2377624.java,49,56,,F,CR,
selected,954804.java,349,364,,F,CR,
selected,159972.java,28,33,,F,CR,
selected,1881179.java,204,210,,F,CR,
selected,62878.java,54,60,,F,CR,
selected,683100.java,112,126,,F,CR,
selected,466989.java,808,861,,F,CR,
selected,2475543.java,419,424,,F,,
selected,1251245.java,112,128,,F,,
selected,2109048.java,28,37,,F,,
sample,OpenURLInSystemBrowser.java,8,15,Q,,,
sample,OpenURLInSystemBrowser.java,8,15,1,T,,
selected,2056303.java,609,620,3,T,CR,** different command sent to the desktop object
selected,1297332.java,20,29,3,T,,
selected,1253769.java,190,201,3,T,,
selected,2592168.java,86,99,3,T,,
selected,1253769.java,235,251,3,T,,
selected,2327701.java,17,27,3,T,,
selected,2480556.java,159,168,3,T,,
selected,1144523.java,38,47,3,T,,
selected,2470676.java,124,133,3,T,,
selected,2042278.java,160,169,3,T,,
selected,127373.java,412,421,3,T,,
selected,2494793.java,140,151,3,T,,
selected,709779.java,81,90,3,T,,
selected,2543450.java,78,88,3,T,,
sample,getMACAddresInStandardForm.java,9,25,Q,,,
sample,getMACAddresInStandardForm.java,9,25,1,T,,
selected,2706991.java,35,45,3,T,CR,** good example of T3
sample,getMACAddresInStandardForm.java,27,39,3,T,,
selected,598562.java,32,43,,F,CR,?? found digested message instead
default,130700.java,145,156,,F,CR,?? found digested message instead
selected,2511328.java,47,56,,F,CR,?? found digested message instead
selected,2117024.java,55,74,,F,CR,?? found digested message instead
selected,1384795.java,88,107,3,T,CR,** good example of T3
selected,1875425.java,18,27,,F,CR,
selected,941333.java,307,319,,F,CR,
default,118421.java,61,77,,F,CR,?? found digested message instead
default,115034.java,61,77,,F,,
selected,736982.java,59,72,,F,,
selected,347046.java,59,72,,F,,
selected,1037876.java,17,34,,F,,
sample,CopyFileSamples.java,42,53,Q,,,
sample,CopyFileSamples.java,42,53,1,T,,
selected,53561.java,113,123,2,T,CR,
selected,640539.java,399,409,2,T,CR,
selected,327922.java,197,207,2,T,CR,
selected,197535.java,370,380,2,T,CR,
selected,908557.java,36,46,2,T,CR,
selected,751183.java,31,41,2,T,CR,
selected,565789.java,14,24,2,T,CR,
selected,479313.java,63,73,2,T,CR,
selected,464874.java,141,151,2,T,CR,
selected,2608816.java,13,23,2,T,CR,
selected,2594757.java,30,40,,F,,
selected,2404381.java,40,50,,F,,
selected,2279865.java,41,51,,F,,
selected,2223030.java,41,51,,F,,
sample,UnZip.java,3,44,Q,,,
sample,UnZip.java,3,44,1,T,,
sample,UnZip.java,46,83,3,T,,
selected,2129944.java,1,1463,,F,CR,?? Big file (how to fix this problem?)
selected,62915.java,132,142,,F,CR,?? Found zip file instead
selected,784797.java,22,43,,F,CR,
selected,589366.java,290,303,,F,CR,
selected,269844.java,72,93,,F,CR,
selected,2466942.java,1,806,,F,CR,
selected,104047.java,1,961,,F,CR,
selected,1071418.java,237,246,,F,CR,?? Copy content from one zip file to another
selected,1891388.java,153,161,,F,CR,
selected,154805.java,220,231,,F,CR,?? Copy content from one zip file to another
selected,121262.java,163,174,,F,,
selected,2110704.java,126,134,,F,,
selected,2531630.java,198,206,,F,,
sample,FileChooser.java,67,94,Q,,,
sample,FileChooser.java,67,94,1,T,,
sample,FileChooser.java,96,123,2,T,,
sample,FileChooser.java,38,65,3,T,,
sample,FileChooser.java,9,36,3,T,,
selected,1170890.java,1750,1761,3,T,CR,
selected,2174721.java,90,107,3,T,CR,
selected,1683781.java,600,609,3,T,CR,
selected,2628336.java,172,182,3,T,CR,
selected,2055590.java,19,30,3,T,CR,
selected,1495911.java,600,608,3,T,CR,
selected,1644577.java,302,312,3,T,CR,
selected,1975882.java,68,75,3,T,CR,
selected,1101722.java,25,31,3,T,CR,
selected,1101722.java,17,23,,F,,
selected,1683781.java,596,612,,F,,
sample,ShuffleArrayInPlace.java,34,48,Q,,,
sample,ShuffleArrayInPlace.java,34,48,1,T,,
selected,1632131.java,1207,1214,3,T,,
selected,918764.java,7,15,3,T,,
sample,ShuffleArrayInPlace.java,16,32,3,T,,
selected,918764.java,17,25,3,T,,
selected,918764.java,27,35,3,T,,
selected,918764.java,37,45,3,T,,
sample,ShuffleArrayInPlace.java,50,66,3,T,,
selected,1132772.java,48,55,3,T,,
selected,1752902.java,154,164,3,T,,
selected,1752902.java,166,176,3,T,,
selected,1132772.java,63,70,3,T,,
selected,2518970.java,27,37,,F,,
selected,946662.java,260,269,,F,,
selected,526888.java,866,875,3,T,,
sample,MD5.java,2,11,Q,,,
sample,MD5.java,2,11,1,T,,
selected,1508294.java,111,126,3,T,,
selected,1077933.java,25,40,3,T,,
selected,2449933.java,184,190,,F,CR,
selected,712709.java,12,26,3,T,,
selected,848052.java,55,61,,F,CR,
selected,597561.java,83,89,,F,CR,
selected,2146328.java,50,56,,F,CR,
selected,1822215.java,69,75,,F,CR,
selected,1192485.java,22,36,3,T,,
selected,864676.java,1106,1112,3,T,CR,** change MD5 to string
selected,981225.java,52,58,,F,,
selected,1996716.java,42,48,,F,,
selected,1923958.java,38,44,,F,,
selected,815648.java,99,108,,F,,
sample,SendEMail.java,15,48,Q,,,
sample,SendEMail.java,15,48,1,T,,
selected,1829739.java,14,38,3,T,CR,
selected,2098269.java,21,46,3,T,CR,
selected,1387379.java,24,54,3,T,CR,
selected,660010.java,69,94,3,T,,
selected,2665636.java,234,260,3,T,,
selected,504335.java,29,53,3,T,CR,
selected,660010.java,41,67,3,T,,
selected,1120534.java,20,47,3,T,CR,
selected,2724192.java,26,89,3,T,CR,
selected,856760.java,21,52,3,T,,
selected,1326321.java,30,60,3,T,CR,
default,31489.java,1,62,,F,,
selected,1070086.java,39,64,,F,,
selected,1250305.java,59,78,,F,,
sample,ConnectToDatabaseJDBC.java,8,20,Q,,,
sample,ConnectToDatabaseJDBC.java,8,20,1,T,,
sample,ConnectToDatabaseJDBC.java,21,26,3,T,,
selected,1521237.java,37,52,3,T,CR,** good example of T3 (Oracle variation of JDBC connection)
selected,1061495.java,35,41,3,T,CR,
selected,551764.java,68,87,,F,CR,
selected,1107284.java,32,39,3,T,CR,
default,13636.java,17,22,3,T,CR,** another different variation of T3
selected,2024022.java,77,85,3,T,CR,
selected,1829483.java,44,55,3,T,CR,** variation of BPH database
selected,1521237.java,81,95,3,T,CR,** MySQL
selected,758753.java,501,517,,F,CR,
selected,1491142.java,501,517,,F,CR,
selected,468180.java,21,29,,F,,
selected,861198.java,68,75,,F,,
selected,2230161.java,52,58,,F,,
sample,BubbleSort.java,219,236,Q,,,
sample,BubbleSort.java,219,236,1,T,,
sample,BubbleSort.java,238,254,3,T,,
selected,1107941.java,295,311,3,T,CR,** variation of array instead of comparable
selected,1203062.java,12,27,3,T,CR,** good example of T3
selected,1872351.java,5,18,3,T,CR,** good example of T3
sample,BubbleSort.java,147,163,3,T,,
sample,BubbleSort.java,111,127,3,T,,
sample,BubbleSort.java,3,19,3,T,,
sample,BubbleSort.java,39,55,3,T,,
sample,BubbleSort.java,75,91,3,T,,
sample,BubbleSort.java,183,199,3,T,,
selected,2103108.java,165,190,3,T,CR,
selected,1886542.java,89,96,,F,,
selected,729561.java,48,53,,F,,
selected,1605320.java,22,37,,F,,
sample,GCD.java,36,42,Q,,,
sample,GCD.java,36,42,1,T,,
selected,462014.java,60,66,,F,CR,
selected,334423.java,690,696,2,T,CR,** good example of T2
selected,1796669.java,218,224,,F,CR,
selected,445787.java,128,134,,F,CR,
selected,975250.java,80,86,,F,CR,
selected,932866.java,77,83,,F,CR,
selected,724584.java,181,187,,F,CR,
selected,710496.java,252,258,,F,CR,
selected,671564.java,159,165,,F,CR,
selected,650190.java,150,156,,F,CR,
selected,576078.java,65,71,,F,,
selected,566160.java,34,40,,F,,
selected,558221.java,74,80,,F,,
selected,493758.java,242,248,,F,,
sample,CopyFileSamples.java,18,36,Q,,,
sample,CopyFileSamples.java,18,36,1,T,,
selected,1896308.java,177,192,3,T,,
selected,638634.java,140,155,3,T,,
selected,797836.java,147,161,3,T,,
selected,418452.java,97,111,3,T,,
selected,1721661.java,60,69,3,T,,
selected,2215970.java,275,287,3,T,,
selected,2475361.java,610,621,3,T,,
selected,2661115.java,49,64,3,T,,
selected,2425138.java,35,45,3,T,,
selected,1161856.java,11,19,3,T,,
selected,1741101.java,263,271,3,T,,
selected,1151176.java,1127,1142,3,T,,
selected,2024511.java,13,39,3,T,,
selected,2215970.java,211,222,3,T,,
sample,FTP_ApacheCommonsNet_Samples.java,40,45,Q,,,
sample,FTP_ApacheCommonsNet_Samples.java,40,45,1,T,,
sample,FTP_ApacheCommonsNet_Samples.java,18,23,3,T,,
sample,FTP_ApacheCommonsNet_Samples.java,47,53,3,T,,
sample,FTP_FTP4J_Samples.java,22,27,3,T,,
sample,FTP_ApacheCommonsNet_Samples.java,25,31,3,T,,
sample,FTP_ApacheCommonsNet_Samples.java,33,38,3,T,,
sample,FTP_ApacheCommonsNet_Samples.java,11,16,3,T,,
selected,2288080.java,25,31,3,T,CR,** good example of T3
selected,1620218.java,280,289,3,T,,
sample,FTP_ApacheCommonsNet_Samples.java,62,67,3,T,,
sample,FTP_ApacheCommonsNet_Samples.java,69,75,3,T,,
sample,FTP_ApacheCommonsNet_Samples.java,55,60,3,T,,
selected,1427847.java,13,33,3,T,,
selected,2626685.java,112,126,3,T,,
selected,189178.java,118,133,3,T,,
sample,BubbleSort.java,3,19,Q,,,
sample,BubbleSort.java,3,19,1,T,,
sample,BubbleSort.java,147,163,3,T,,
sample,BubbleSort.java,111,127,3,T,,
sample,BubbleSort.java,39,55,3,T,,
sample,BubbleSort.java,75,91,3,T,,
sample,BubbleSort.java,183,199,3,T,,
selected,1339849.java,72,85,3,T,,
selected,1695775.java,96,110,3,T,,
selected,12404.java,62,76,3,T,,
sample,BubbleSort.java,21,37,3,T,,
sample,BubbleSort.java,165,181,3,T,,
sample,BubbleSort.java,129,145,3,T,,
sample,BubbleSort.java,57,73,3,T,,
sample,BubbleSort.java,93,109,3,T,,
sample,BubbleSort.java,201,217,3,T,,
sample,DBUpdateAndRollback.java,10,29,Q,,,
sample,DBUpdateAndRollback.java,10,29,1,T,,
sample,DBUpdateAndRollback.java,31,50,3,T,,
selected,230944.java,72,100,3,T,CR,
selected,338941.java,20,32,3,T,CR,
selected,2538966.java,223,258,,F,CR,
default,95762.java,489,517,,F,CR,
default,12420.java,573,601,,F,CR,
selected,1368576.java,130,209,,F,CR,
selected,896911.java,7,22,3,T,CR,
selected,883168.java,183,216,,F,CR,
selected,1614129.java,176,196,3,T,CR,
selected,1470498.java,176,196,3,T,CR,
selected,1368576.java,211,268,,F,,
selected,1437030.java,101,110,,F,,
selected,2085663.java,305,328,,F,,
sample,ConnectToDatabaseJDBC.java,21,26,Q,,,
sample,ConnectToDatabaseJDBC.java,21,26,1,T,,
sample,ConnectToDatabaseJDBC.java,8,20,3,T,,
selected,2230161.java,52,58,3,T,CR,
selected,468180.java,21,29,3,T,CR,
selected,951823.java,56,66,3,T,CR,
selected,736943.java,44,49,3,T,CR,
default,13636.java,17,22,3,T,CR,
selected,179150.java,49,64,3,T,CR,
selected,2269507.java,158,165,3,T,CR,
selected,832750.java,986,993,3,T,CR,
selected,881688.java,113,122,3,T,CR,
selected,1334794.java,143,152,3,T,CR,
selected,1801560.java,103,117,,F,,
selected,1486873.java,22,36,,F,,
selected,429181.java,48,69,,F,,
sample,CallMethodUsingReflection.java,8,18,Q,,,
sample,CallMethodUsingReflection.java,8,18,1,T,,
selected,1397661.java,119,128,3,T,CR,** good example of T3
selected,1397661.java,92,102,3,T,CR,** good example of T3
selected,829101.java,144,152,3,T,CR,**
selected,1648080.java,149,157,3,T,CR,**
selected,1694875.java,391,412,3,T,CR,** lots of catch statements
selected,774368.java,20,41,3,T,CR,** lots of catch statements
selected,970709.java,29,37,3,T,CR,
selected,2281280.java,109,117,3,T,CR,
selected,1397661.java,108,117,3,T,CR,
selected,282375.java,8,23,3,T,CR,** quite different implementation
selected,1602656.java,8,23,3,T,CR,** quite different implementation
selected,661840.java,193,203,,F,,
selected,120511.java,93,103,,F,,
selected,769579.java,41,51,,F,,
sample,BubbleSort.java,147,163,Q,,,
sample,BubbleSort.java,147,163,1,T,,
sample,BubbleSort.java,111,127,3,T,,
sample,BubbleSort.java,3,19,3,T,,
sample,BubbleSort.java,39,55,3,T,,
sample,BubbleSort.java,75,91,3,T,,
sample,BubbleSort.java,183,199,3,T,,
selected,1339849.java,72,85,3,T,,
selected,1695775.java,96,110,3,T,,
selected,12404.java,62,76,3,T,,
sample,BubbleSort.java,165,181,3,T,,
sample,BubbleSort.java,129,145,3,T,,
sample,BubbleSort.java,21,37,3,T,,
sample,BubbleSort.java,57,73,3,T,,
sample,BubbleSort.java,93,109,3,T,,
sample,BubbleSort.java,201,217,3,T,,
sample,CallMethodUsingReflection.java,20,26,Q,,,
sample,CallMethodUsingReflection.java,20,26,1,T,,
selected,2733283.java,28,38,3,T,CR,
sample,CallMethodUsingReflection.java,8,18,3,T,,
selected,1752181.java,114,121,3,T,CR,** quite different implementation
sample,CallMethodUsingReflection.java,28,45,3,T,,
selected,244370.java,110,120,3,T,CR,
selected,1582748.java,134,144,3,T,CR,
selected,497453.java,12,29,3,T,CR,
selected,1397661.java,119,128,3,T,CR,
selected,1397661.java,108,117,3,T,CR,
selected,1397661.java,92,102,3,T,CR,
selected,1430582.java,38,50,3,T,CR,** Interesting. Found a test case.
selected,2528408.java,108,125,,F,,
selected,2733748.java,69,105,,F,,
selected,62673.java,158,163,,F,,
sample,BubbleSort.java,111,127,Q,,,
sample,BubbleSort.java,111,127,1,T,,
sample,BubbleSort.java,147,163,3,T,,
sample,BubbleSort.java,3,19,3,T,,
sample,BubbleSort.java,39,55,3,T,,
sample,BubbleSort.java,75,91,3,T,,
sample,BubbleSort.java,183,199,3,T,,
selected,1339849.java,72,85,3,T,,
selected,1695775.java,96,110,3,T,,
selected,12404.java,62,76,3,T,,
sample,BubbleSort.java,129,145,3,T,,
sample,BubbleSort.java,165,181,3,T,,
sample,BubbleSort.java,21,37,3,T,,
sample,BubbleSort.java,57,73,3,T,,
sample,BubbleSort.java,93,109,3,T,,
sample,BubbleSort.java,201,217,3,T,,
sample,FTP_ApacheCommonsNet_Samples.java,25,31,Q,,,
sample,FTP_ApacheCommonsNet_Samples.java,25,31,1,T,,
sample,FTP_ApacheCommonsNet_Samples.java,47,53,3,T,,
sample,FTP_ApacheCommonsNet_Samples.java,11,16,3,T,,
sample,FTP_ApacheCommonsNet_Samples.java,33,38,3,T,,
sample,FTP_ApacheCommonsNet_Samples.java,18,23,3,T,,
sample,FTP_ApacheCommonsNet_Samples.java,40,45,3,T,,
sample,FTP_FTP4J_Samples.java,22,27,3,T,,
sample,FTP_FTP4J_Samples.java,15,20,3,T,,
sample,FTP_ApacheCommonsNet_Samples.java,69,75,3,T,,
sample,FTP_ApacheCommonsNet_Samples.java,62,67,3,T,,
sample,FTP_ApacheCommonsNet_Samples.java,55,60,3,T,,
selected,2626685.java,112,126,3,T,,
selected,189178.java,118,133,3,T,,
selected,1654038.java,111,126,3,T,,
selected,2282501.java,15,25,3,T,,
sample,OpenFileInDesktopApp.java,7,14,Q,,,
sample,OpenFileInDesktopApp.java,7,14,1,T,,
selected,1311667.java,248,257,3,T,CR,
sample,OpenURLInSystemBrowser.java,8,15,3,T,CR,
selected,2503498.java,146,171,,F,CR,
selected,336994.java,143,170,,F,CR,
selected,1311667.java,175,219,,F,CR,
selected,2503498.java,109,174,,F,CR,
selected,336994.java,107,173,,F,CR,
selected,341410.java,75,82,,F,CR,
selected,1731967.java,72,79,,F,CR,
selected,827122.java,405,412,3,T,,
selected,2592168.java,86,99,,F,CR,
selected,630249.java,88,94,,F,,
selected,269423.java,64,73,,F,,
selected,850820.java,15,29,,F,,
sample,DeleteFolderRecursively.java,20,51,Q,,,
sample,DeleteFolderRecursively.java,20,51,1,T,,
sample,DeleteFolderRecursively.java,39,49,,F,CR,?? Got a method inside a method
sample,CopyDirectoryTree.java,30,44,,F,CR,?? Got a method inside a method
sample,DeleteFolderRecursively.java,22,27,,F,CR,?? Got a method inside a method
selected,1658160.java,140,154,3,T,CR,
sample,DeleteFolderRecursively.java,29,37,,F,CR,?? Got a method inside a method
selected,2317036.java,36,53,,F,CR,
selected,2744271.java,102,117,,F,CR,
selected,2744271.java,54,100,,F,CR,
selected,2220111.java,546,578,,F,CR,
selected,2578751.java,253,283,,F,CR,
selected,1658160.java,72,98,,F,,
selected,619765.java,383,388,,F,,
selected,619765.java,441,447,,F,,
selected,619765.java,433,439,,F,,
sample,PlaySound.java,29,44,Q,,,
sample,PlaySound.java,29,44,1,T,,
selected,2464807.java,114,141,3,T,CR,**
selected,1309422.java,323,349,3,T,CR,** match with WifiNotFound()
selected,1309422.java,295,321,3,T,CR,** match with WifiFound()
selected,1309422.java,193,219,3,T,CR,
selected,1309422.java,165,191,3,T,CR,
selected,1309422.java,137,163,3,T,CR,
selected,1309422.java,109,135,3,T,CR,** match with GPSConnect()
selected,1309422.java,81,107,3,T,CR,** match with GPSDisconnect()
selected,1309422.java,49,75,3,T,CR,
selected,1333587.java,30,59,3,T,CR,
selected,665360.java,21,43,3,T,CR,
selected,2589479.java,1083,1113,,F,,
selected,2589479.java,1086,1110,,F,,
selected,1752721.java,43,64,,F,,
sample,DownloadWebpage.java,55,67,Q,,,
sample,DownloadWebpage.java,55,67,1,T,,
sample,DownloadWebpage.java,20,30,3,T,,
selected,756606.java,328,337,,F,CR,
selected,1063147.java,425,434,,F,CR,
selected,237460.java,259,268,,F,CR,
selected,1688089.java,284,293,,F,CR,
selected,113970.java,284,293,,F,CR,
selected,237460.java,240,249,,F,CR,
selected,1688089.java,265,274,,F,CR,
selected,113970.java,265,274,,F,CR,
selected,1869887.java,104,119,3,T,,
selected,1422483.java,524,536,3,T,CR,
selected,1196692.java,66,78,,F,,
selected,1864701.java,76,93,,F,,
selected,1205917.java,28,46,,F,,
sample,BubbleSort.java,129,145,Q,,,
sample,BubbleSort.java,129,145,1,T,,
sample,BubbleSort.java,165,181,3,T,,
sample,BubbleSort.java,21,37,3,T,,
sample,BubbleSort.java,57,73,3,T,,
sample,BubbleSort.java,93,109,3,T,,
sample,BubbleSort.java,201,217,3,T,,
sample,BubbleSort.java,238,254,3,T,,
selected,1339849.java,72,85,3,T,,
default,87418.java,21,37,3,T,,
default,87418.java,5,19,3,T,,
selected,2606539.java,31,47,3,T,,
selected,372059.java,33,47,3,T,,
selected,1575844.java,803,814,3,T,,
selected,307350.java,22,36,3,T,,
selected,2606539.java,49,66,3,T,,
sample,DeleteFolderRecursively.java,11,17,Q,,,
sample,DeleteFolderRecursively.java,11,17,1,T,,
selected,2328079.java,92,97,2,T,CR,
selected,2371926.java,96,101,2,T,CR,
selected,1778774.java,78,83,2,T,CR,
selected,133258.java,62,67,2,T,CR,
selected,1800468.java,83,88,3,T,,
selected,1761360.java,80,85,2,T,CR,
selected,1676955.java,79,84,2,T,CR,
selected,1520403.java,349,354,2,T,CR,
selected,2239185.java,26,33,3,T,CR,
default,63378.java,22,28,3,T,,
default,63342.java,22,28,3,T,,
default,59445.java,22,28,3,T,,
default,58928.java,22,28,3,T,,
default,54531.java,22,28,3,T,,
sample,FTP_ApacheCommonsNet_Samples.java,33,38,Q,,,
sample,FTP_ApacheCommonsNet_Samples.java,33,38,1,T,,
sample,FTP_ApacheCommonsNet_Samples.java,11,16,3,T,,
sample,FTP_FTP4J_Samples.java,15,20,3,T,,
sample,FTP_ApacheCommonsNet_Samples.java,47,53,3,T,,
sample,FTP_ApacheCommonsNet_Samples.java,25,31,3,T,,
sample,FTP_ApacheCommonsNet_Samples.java,40,45,3,T,,
sample,FTP_ApacheCommonsNet_Samples.java,18,23,3,T,,
selected,14032.java,23,34,3,T,,
sample,FTP_ApacheCommonsNet_Samples.java,55,60,3,T,,
sample,FTP_ApacheCommonsNet_Samples.java,62,67,3,T,,
sample,FTP_ApacheCommonsNet_Samples.java,69,75,3,T,,
selected,853582.java,50,59,3,T,,
selected,2626685.java,112,126,3,T,,
selected,189178.java,118,133,3,T,,
selected,1654038.java,111,126,3,T,,
sample,BubbleSort.java,21,37,Q,,,
sample,BubbleSort.java,21,37,1,T,,
sample,BubbleSort.java,165,181,3,T,,
sample,BubbleSort.java,129,145,3,T,,
sample,BubbleSort.java,57,73,3,T,,
sample,BubbleSort.java,93,109,3,T,,
sample,BubbleSort.java,201,217,3,T,,
sample,BubbleSort.java,238,254,3,T,,
selected,1339849.java,72,85,3,T,,
default,87418.java,21,37,3,T,,
default,87418.java,5,19,3,T,,
selected,2606539.java,31,47,3,T,,
selected,372059.java,33,47,3,T,,
selected,1575844.java,803,814,3,T,,
selected,307350.java,22,36,3,T,,
selected,2606539.java,49,66,3,T,,
sample,BubbleSort.java,183,199,Q,,,
sample,BubbleSort.java,183,199,1,T,,
sample,BubbleSort.java,147,163,3,T,,
sample,BubbleSort.java,111,127,3,T,,
sample,BubbleSort.java,3,19,3,T,,
sample,BubbleSort.java,39,55,3,T,,
sample,BubbleSort.java,75,91,3,T,,
selected,1339849.java,72,85,3,T,,
selected,1695775.java,96,110,3,T,,
selected,12404.java,62,76,3,T,,
sample,BubbleSort.java,201,217,3,T,,
sample,BubbleSort.java,165,181,3,T,,
sample,BubbleSort.java,129,145,3,T,,
sample,BubbleSort.java,21,37,3,T,,
sample,BubbleSort.java,57,73,3,T,,
sample,BubbleSort.java,93,109,3,T,,
sample,CopyDirectoryTree.java,30,44,Q,,,
sample,CopyDirectoryTree.java,30,44,1,T,,
sample,DeleteFolderRecursively.java,20,51,,F,CR,
selected,1658160.java,140,154,3,T,CR,
selected,2744271.java,54,100,,F,CR,
sample,DeleteFolderRecursively.java,22,27,,F,CR,?? Got a method inside a method
selected,2578751.java,253,283,,F,CR,
selected,2744271.java,102,117,,F,CR,
selected,2317036.java,36,53,,F,CR,
selected,619765.java,375,381,,F,CR,
selected,2675844.java,202,208,,F,CR,
selected,619765.java,433,439,,F,CR,
selected,2220111.java,546,578,,F,,
selected,845746.java,50,64,,F,,
selected,1863934.java,56,113,,F,,
selected,511144.java,249,272,,F,,
sample,WritePDF.java,14,29,Q,,,
sample,WritePDF.java,14,29,1,T,,
selected,193634.java,15,30,3,T,CR,
selected,429930.java,12,27,3,T,CR,
selected,2157969.java,47,67,3,T,CR,
selected,165096.java,173,185,3,T,CR,
selected,1406944.java,31,43,3,T,CR,
selected,1733496.java,24,37,3,T,CR,
selected,635296.java,17,30,3,T,CR,
selected,2220702.java,22,35,3,T,CR,
default,133849.java,8,21,3,T,,
selected,2305576.java,22,35,3,T,CR,
selected,595178.java,21,62,3,T,CR,
selected,157046.java,25,46,,F,,
selected,2303791.java,27,48,,F,,
selected,1951902.java,27,53,3,T,,
sample,ParseXML2Dom.java,17,34,Q,,,
sample,ParseXML2Dom.java,17,34,1,T,,
selected,2517902.java,1,50,,F,CR,
selected,1755186.java,33,44,3,T,CR,
selected,125371.java,115,123,3,T,CR,** good example of T3 (found another implementation of XML parsing)
selected,18789.java,41,49,3,T,CR,
selected,1897182.java,397,404,3,T,CR,
selected,2621060.java,287,300,3,T,CR,
default,13281.java,1,53,,F,CR,
selected,1321586.java,27,37,3,T,CR,
selected,1900376.java,140,160,3,T,CR,
selected,2512922.java,273,281,3,T,CR,
selected,543273.java,187,197,3,T,CR,
selected,818609.java,1370,1407,,F,,
selected,602853.java,1368,1405,,F,,
selected,2337406.java,67,73,,F,,
sample,CreateRSAKeys.java,27,32,Q,,,
sample,CreateRSAKeys.java,27,32,1,T,,
selected,409300.java,10,17,3,T,CR,** found test case
selected,2391982.java,750,758,3,T,CR,
selected,1481756.java,56,61,3,T,CR,
selected,555311.java,337,344,3,T,CR,** found different implementation (get DH key pair instead)
selected,762454.java,15,24,3,T,CR,** found different implementation (get DES key pair instead)
selected,104234.java,21,30,3,T,CR,** found different implementation (get DES key pair instead)
selected,840512.java,48,54,3,T,CR,
selected,85367.java,206,212,3,T,CR,** found slightly different implementation of RSA
selected,2389113.java,92,98,3,T,CR,** found slightly different implementation of RSA
selected,2216717.java,80,86,3,T,CR,** found slightly different implementation of RSA
selected,2157032.java,44,50,3,T,CR,** found slightly different implementation of RSA
selected,2092267.java,314,320,,F,,
selected,2087366.java,79,85,,F,,
selected,2079872.java,82,88,,F,,
sample,FTP_FTP4J_Samples.java,22,27,Q,,,
sample,FTP_FTP4J_Samples.java,22,27,1,T,,
sample,FTP_FTP4J_Samples.java,15,20,3,T,,
sample,FTP_ApacheCommonsNet_Samples.java,18,23,3,T,,
sample,FTP_ApacheCommonsNet_Samples.java,40,45,3,T,,
sample,FTP_ApacheCommonsNet_Samples.java,25,31,3,T,,
sample,FTP_ApacheCommonsNet_Samples.java,47,53,3,T,,
selected,1620218.java,280,289,3,T,,
selected,2288080.java,25,31,3,T,CR,
selected,1427847.java,13,33,3,T,,
sample,FTP_ApacheCommonsNet_Samples.java,11,16,3,T,,
selected,1919649.java,42,48,,F,CR,
sample,FTP_ApacheCommonsNet_Samples.java,33,38,3,T,,
selected,1601937.java,44,49,,F,CR,
selected,756989.java,34,43,,F,,
selected,1000320.java,32,41,,F,,
sample,LoadFont.java,21,26,Q,,,
sample,LoadFont.java,21,26,1,T,,
sample,LoadFont.java,14,19,3,T,,
selected,2584533.java,68,89,3,T,,
selected,1978177.java,93,102,,F,CR,
selected,169000.java,223,232,,F,CR,
selected,1238225.java,19,33,,F,CR,
selected,948406.java,326,355,3,T,,
selected,2042522.java,74,80,,F,CR,
selected,1925370.java,74,80,,F,CR,
selected,2055524.java,27,45,3,T,,
selected,383097.java,247,269,,F,CR,
selected,2235649.java,127,134,,F,,
default,131555.java,11,20,3,T,,
selected,2321965.java,91,108,,F,,
selected,2340916.java,398,427,3,T,,
sample,LoadFileIntoByteArray.java,7,23,Q,,,
sample,LoadFileIntoByteArray.java,7,23,1,T,,
selected,433386.java,91,105,3,T,CR,
selected,1975622.java,90,104,3,T,,
selected,2526585.java,39,53,3,T,CR,
selected,225160.java,40,54,3,T,,
selected,163137.java,36,50,3,T,CR,
selected,2700222.java,36,51,3,T,CR,
selected,1716001.java,39,51,3,T,,
selected,2497639.java,26,36,,F,CR,
selected,2003979.java,166,192,,F,CR,
selected,659931.java,24,35,,F,CR,
selected,2577789.java,167,182,,F,,
selected,1461318.java,20,31,,F,,
selected,731383.java,728,741,,F,,
selected,1838482.java,165,190,,F,,
sample,CopyFileSamples.java,63,69,Q,,,
sample,CopyFileSamples.java,63,69,1,T,,
sample,CopyFileSamples.java,55,61,2,T,,
selected,1720162.java,15,21,2,T,CR,
selected,77754.java,849,857,3,T,,
selected,591946.java,827,835,3,T,,
selected,499481.java,849,857,3,T,,
selected,2455851.java,855,863,3,T,,
selected,836722.java,118,126,3,T,,
selected,2077739.java,747,755,3,T,,
selected,1823751.java,50,58,3,T,,
sample,CopyFileSamples.java,42,53,3,T,,
selected,734567.java,14,24,3,T,CR,** Good example. Different implementation of copy file.
selected,300610.java,56,65,,F,,
selected,2697477.java,64,74,,F,,
selected,684416.java,40,46,,F,,
sample,BubbleSort.java,165,181,Q,,,
sample,BubbleSort.java,165,181,1,T,,
sample,BubbleSort.java,129,145,3,T,,
sample,BubbleSort.java,21,37,3,T,,
sample,BubbleSort.java,57,73,3,T,,
sample,BubbleSort.java,93,109,3,T,,
sample,BubbleSort.java,201,217,3,T,,
sample,BubbleSort.java,238,254,3,T,,
selected,1339849.java,72,85,3,T,,
default,87418.java,21,37,3,T,,
default,87418.java,5,19,3,T,,
selected,2606539.java,31,47,3,T,,
selected,372059.java,33,47,3,T,,
selected,1575844.java,803,814,3,T,,
selected,307350.java,22,36,3,T,,
selected,2606539.java,49,66,3,T,,
sample,DBUpdateAndRollback.java,31,50,Q,,,
sample,DBUpdateAndRollback.java,31,50,1,T,,
sample,DBUpdateAndRollback.java,10,29,3,T,,
selected,289693.java,610,630,3,T,CR,
selected,2516639.java,248,268,3,T,CR,
selected,2182987.java,1346,1366,3,T,CR,
selected,880736.java,46,72,,F,CR,
selected,579992.java,242,265,,F,CR,
selected,2458328.java,7,17,,F,CR,
selected,579992.java,332,347,3,T,CR,
selected,955250.java,168,189,,F,CR,
selected,955250.java,401,423,,F,CR,
selected,2399424.java,62,70,,F,CR,
selected,1213747.java,59,74,,F,,
selected,1213747.java,41,57,,F,,
selected,1005806.java,149,159,,F,,
sample,BinarySearch.java,6,17,Q,,,
sample,BinarySearch.java,6,17,1,T,,
sample,BinarySearch.java,19,30,3,T,,
selected,2663331.java,292,299,3,T,CR,*** Very good example. Binary search implicitly implemented in getPuzzleNumber() method.
selected,1256273.java,23,32,3,T,,
default,103246.java,20,26,3,T,CR,
default,11153.java,52,65,3,T,,
selected,747577.java,73,81,3,T,,
selected,108362.java,260,267,3,T,CR,*** Very good example. Found a loop-based binary search instead of recursive one in the query.
selected,747577.java,93,101,3,T,,
selected,1349709.java,75,81,3,T,CR,
selected,735944.java,21,33,3,T,,
selected,2251710.java,236,250,,F,,
selected,2251710.java,270,285,,F,,
selected,2590672.java,180,187,3,T,,
selected,233869.java,178,185,,F,,
sample,BubbleSort.java,39,55,Q,,,
sample,BubbleSort.java,39,55,1,T,,
sample,BubbleSort.java,147,163,3,T,,
sample,BubbleSort.java,111,127,3,T,,
sample,BubbleSort.java,3,19,3,T,,
sample,BubbleSort.java,75,91,3,T,,
sample,BubbleSort.java,183,199,3,T,,
selected,1339849.java,72,85,3,T,,
selected,1695775.java,96,110,3,T,,
selected,12404.java,62,76,3,T,,
sample,BubbleSort.java,57,73,3,T,,
sample,BubbleSort.java,165,181,3,T,,
sample,BubbleSort.java,129,145,3,T,,
sample,BubbleSort.java,21,37,3,T,,
sample,BubbleSort.java,93,109,3,T,,
sample,BubbleSort.java,201,217,3,T,,
sample,CRC32FileChecksum.java,11,20,Q,,,
sample,CRC32FileChecksum.java,11,20,1,T,,
selected,2136701.java,38,47,,F,CR,
selected,552291.java,139,148,3,T,,
selected,1245191.java,29,39,,F,CR,
selected,24180.java,381,389,,F,CR,
selected,1988719.java,36,45,,F,CR,
selected,1791711.java,36,45,,F,CR,
selected,928016.java,33,43,,F,CR,
selected,1619438.java,33,43,,F,CR,
selected,2668206.java,151,158,,F,CR,
selected,2089577.java,183,191,,F,CR,
selected,1055991.java,179,187,,F,,
selected,469190.java,64,72,,F,,
selected,2364991.java,230,239,,F,,
selected,1960994.java,230,239,,F,,
sample,ExtactUsingRegex.java,9,17,Q,,,
sample,ExtactUsingRegex.java,9,17,1,T,,
selected,2001845.java,41,50,3,T,,
selected,104036.java,105,113,3,T,CR,
selected,1242191.java,82,90,3,T,,
selected,2093832.java,31,41,3,T,,
selected,582000.java,137,148,3,T,CR,
selected,336247.java,77,85,3,T,CR,
selected,1000219.java,20,28,3,T,CR,
selected,175489.java,104,117,,F,CR,
selected,631702.java,24,35,3,T,CR,
selected,2569421.java,57,70,3,T,CR,
selected,1770622.java,18,34,3,T,,
selected,2391452.java,48,62,,F,,
selected,1934943.java,125,136,,F,,
selected,416858.java,70,78,,F,,
sample,FTP_ApacheCommonsNet_Samples.java,55,60,Q,,,
sample,FTP_ApacheCommonsNet_Samples.java,55,60,1,T,,
sample,FTP_ApacheCommonsNet_Samples.java,69,75,3,T,,
sample,FTP_ApacheCommonsNet_Samples.java,62,67,3,T,,
sample,FTP_ApacheCommonsNet_Samples.java,11,16,3,T,,
sample,FTP_ApacheCommonsNet_Samples.java,33,38,3,T,,
sample,FTP_ApacheCommonsNet_Samples.java,25,31,3,T,,
sample,FTP_ApacheCommonsNet_Samples.java,47,53,3,T,,
sample,FTP_ApacheCommonsNet_Samples.java,18,23,3,T,,
sample,FTP_ApacheCommonsNet_Samples.java,40,45,3,T,,
sample,FTP_FTP4J_Samples.java,15,20,3,T,,
selected,1450277.java,76,125,,F,,
selected,1382999.java,126,136,,F,,
selected,1882302.java,50,55,,F,,
selected,270495.java,52,95,,F,,
selected,2196152.java,55,98,,F,,
sample,BinarySearch.java,19,30,Q,,,
sample,BinarySearch.java,19,30,1,T,,
sample,BinarySearch.java,6,17,3,T,,
selected,2663331.java,292,299,3,T,CR,
sample,BinarySearch.java,48,61,3,T,,
selected,1256273.java,23,32,3,T,,
selected,1559389.java,324,330,3,T,CR,
selected,1559389.java,351,357,3,T,CR,
selected,386201.java,71,80,3,T,,
selected,934859.java,475,484,3,T,,
selected,910572.java,19,35,3,T,,
default,82586.java,272,285,3,T,CR,** loop-based binary search
selected,1559389.java,299,310,3,T,CR,** loop-based binary search
selected,747577.java,73,81,3,T,,
selected,2187105.java,78,83,,F,,
selected,1998148.java,379,385,,F,,
sample,ExecuteExternalProcessAndReadInput.java,10,36,Q,,,
sample,ExecuteExternalProcessAndReadInput.java,10,36,1,T,,
selected,1878518.java,36,54,3,T,CR,
selected,1133111.java,108,122,3,T,CR,
selected,654241.java,99,107,,F,CR,
selected,654241.java,89,97,,F,CR,
selected,171719.java,50,57,,F,CR,
selected,723328.java,26,32,,F,CR,
selected,1636896.java,91,99,,F,CR,
selected,2375054.java,55,62,,F,CR,
selected,2375054.java,71,78,,F,CR,
selected,724546.java,16,25,,F,CR,
selected,429998.java,59,66,,F,,
selected,2570986.java,28,35,,F,,
selected,2720522.java,23,31,,F,,
selected,1832826.java,39,47,,F,,
sample,getMACAddresInStandardForm.java,27,39,Q,,,
sample,getMACAddresInStandardForm.java,27,39,1,T,,
sample,getMACAddresInStandardForm.java,9,25,3,T,,
selected,1610413.java,306,318,3,T,,
selected,2567199.java,62,69,,F,CR,
selected,2296872.java,1798,1817,3,T,,
selected,1373426.java,339,366,3,T,,
selected,1423873.java,169,179,,F,CR,
selected,127208.java,32,41,3,T,,
selected,782936.java,97,107,,F,CR,
selected,313150.java,87,97,3,T,CR,** different implementation
selected,2454224.java,16,38,3,T,,
selected,198254.java,435,455,,F,CR,
selected,524310.java,916,926,,F,,
selected,2395292.java,21,31,,F,,
selected,128680.java,47,59,,F,,
sample,ShuffleArrayInPlace.java,16,32,Q,,,
sample,ShuffleArrayInPlace.java,16,32,1,T,,
sample,ShuffleArrayInPlace.java,50,66,3,T,,
selected,1999677.java,7,15,3,T,,
sample,ShuffleArrayInPlace.java,34,48,3,T,,
selected,164450.java,29,37,3,T,,
selected,212699.java,9,17,3,T,,
selected,913640.java,78,87,3,T,,
selected,2668206.java,11,19,,F,CR,
selected,1706354.java,12,20,,F,CR,
selected,2644288.java,12,19,3,T,,
selected,674082.java,116,124,3,T,CR,
selected,2508563.java,184,192,3,T,CR,
selected,674082.java,103,111,,F,,
selected,2508563.java,171,179,,F,,
selected,1632131.java,1216,1223,,F,,
sample,CallMethodUsingReflection.java,28,45,Q,,,
sample,CallMethodUsingReflection.java,28,45,1,T,,
selected,1397727.java,358,368,,F,CR,?? Should be a clone?
selected,1948824.java,153,169,,F,CR,
selected,381666.java,74,84,,F,CR,
sample,CallMethodUsingReflection.java,20,26,3,T,,
selected,2388184.java,34,45,,F,CR,
selected,318757.java,32,43,,F,CR,
selected,2157462.java,334,374,,F,CR,
sample,CallMethodUsingReflection.java,8,18,3,T,,
selected,1659029.java,42,63,3,T,CR,
selected,1917663.java,71,81,,F,CR,
selected,853231.java,288,312,,F,,
selected,2582598.java,28,100,,F,,
selected,742749.java,425,448,,F,,
selected,871082.java,22,35,,F,,
sample,UnZip.java,46,83,Q,,,
sample,UnZip.java,46,83,1,T,,
sample,UnZip.java,3,44,3,T,,
selected,62915.java,132,142,,F,CR,
selected,818894.java,137,147,,F,CR,
selected,1071418.java,237,246,,F,CR,
selected,1891388.java,153,161,,F,CR,
selected,154805.java,220,231,,F,CR,
selected,121262.java,163,174,,F,CR,
selected,711652.java,61,69,,F,CR,
selected,1197131.java,140,151,,F,CR,
selected,2487383.java,96,119,,F,CR,
selected,1687319.java,98,106,,F,CR,
selected,73703.java,209,217,,F,,
selected,2363934.java,75,83,,F,,
selected,2284513.java,99,107,,F,,
sample,ConvertDateFormat.java,8,19,Q,,,
sample,ConvertDateFormat.java,8,19,1,T,,
selected,2037172.java,1353,1360,3,T,CR,
selected,1783474.java,140,145,3,T,CR,
selected,2479265.java,93,100,3,T,CR,
selected,2479265.java,102,109,3,T,CR,
selected,2479265.java,120,127,3,T,CR,
selected,2479265.java,111,118,3,T,CR,
selected,2332735.java,70,79,3,T,CR,
selected,2070118.java,194,199,3,T,CR,
selected,2523055.java,1,144,,F,CR,
selected,1920659.java,183,188,3,T,CR,
selected,1562750.java,286,292,,F,,
selected,2607956.java,79,87,,F,,
selected,2576261.java,74,84,,F,,
selected,2448177.java,72,82,,F,,
sample,SetUpGraphicalViewerSelectionEventHandler.java,2,9,Q,,,
sample,SetUpGraphicalViewerSelectionEventHandler.java,2,9,1,T,,
selected,511200.java,102,115,,F,CR,
selected,511200.java,148,161,,F,CR,
selected,511200.java,627,640,,F,CR,
selected,511200.java,76,95,,F,CR,
selected,511200.java,670,682,,F,CR,
selected,511200.java,689,701,,F,CR,
selected,511200.java,168,181,,F,CR,
selected,511200.java,624,642,,F,CR,
selected,511200.java,145,163,,F,CR,
selected,511200.java,99,117,,F,CR,
selected,511200.java,811,827,,F,,
selected,511200.java,686,703,,F,,
selected,511200.java,667,684,,F,,
selected,511200.java,165,183,,F,,
sample,XMPPSendMessage.java,10,26,Q,,,
sample,XMPPSendMessage.java,10,26,1,T,,
selected,652416.java,81,92,3,T,,
selected,172245.java,28,43,3,T,,
selected,2646196.java,22,34,3,T,,
selected,1260121.java,22,42,3,T,,
selected,2727082.java,97,112,3,T,,
selected,2039854.java,31,105,3,T,,
selected,1989886.java,22,44,3,T,,
selected,510678.java,21,45,3,T,,
selected,833807.java,118,146,3,T,,
selected,2383306.java,27,40,3,T,,
selected,1246248.java,27,41,3,T,,
selected,1769474.java,24,64,3,T,,
selected,1824506.java,755,778,3,T,,
selected,1763071.java,402,425,3,T,,
sample,FTP_ApacheCommonsNet_Samples.java,18,23,Q,,,
sample,FTP_ApacheCommonsNet_Samples.java,18,23,1,T,,
sample,FTP_ApacheCommonsNet_Samples.java,40,45,3,T,,
sample,FTP_ApacheCommonsNet_Samples.java,25,31,3,T,,
sample,FTP_FTP4J_Samples.java,22,27,3,T,,
sample,FTP_ApacheCommonsNet_Samples.java,47,53,3,T,,
sample,FTP_ApacheCommonsNet_Samples.java,11,16,3,T,,
sample,FTP_ApacheCommonsNet_Samples.java,33,38,3,T,,
selected,1620218.java,280,289,3,T,,
selected,2288080.java,25,31,3,T,CR,
sample,FTP_ApacheCommonsNet_Samples.java,62,67,3,T,,
sample,FTP_ApacheCommonsNet_Samples.java,69,75,3,T,,
sample,FTP_ApacheCommonsNet_Samples.java,55,60,3,T,,
selected,1427847.java,13,33,3,T,,
selected,2626685.java,112,126,3,T,,
selected,189178.java,118,133,3,T,,
sample,FileChooser.java,9,36,Q,,,
sample,FileChooser.java,9,36,1,T,,
sample,FileChooser.java,38,65,2,T,,
sample,FileChooser.java,67,94,3,T,,
sample,FileChooser.java,96,123,3,T,,
selected,2174721.java,90,107,3,T,CR,
selected,1170890.java,1750,1761,3,T,CR,
selected,1683781.java,600,609,3,T,CR,
selected,2628336.java,172,182,3,T,CR,
selected,2055590.java,19,30,3,T,CR,
selected,1495911.java,600,608,3,T,CR,
selected,1975882.java,68,75,3,T,CR,
selected,1644577.java,302,312,3,T,CR,
selected,1101722.java,17,23,,F,,
selected,1101722.java,25,31,,F,,
selected,1683781.java,596,612,,F,,
sample,ParseCSVFile.java,11,26,Q,,,
sample,ParseCSVFile.java,11,26,1,T,,
selected,1454690.java,27,49,3,T,CR,
selected,902308.java,41,50,3,T,CR,
selected,2281160.java,20,33,,F,CR,
selected,523222.java,65,79,,F,CR,
selected,930071.java,33,47,,F,CR,
selected,278202.java,664,684,,F,CR,
selected,1138903.java,607,627,,F,CR,
selected,675640.java,86,98,,F,CR,
selected,2568080.java,19,34,,F,CR,
selected,1403753.java,15,29,,F,CR,
selected,1577631.java,19,34,,F,,
selected,2049221.java,85,107,,F,,
selected,57169.java,125,136,,F,,
selected,2250303.java,93,114,,F,,
sample,PrimeFactors.java,18,28,Q,,,
sample,PrimeFactors.java,18,28,1,T,,
selected,50360.java,8,18,2,T,,
sample,PrimeFactors.java,6,16,2,T,,
selected,2125324.java,110,123,3,T,,
selected,1794459.java,8,21,3,T,,
selected,1171447.java,76,90,3,T,,
selected,949275.java,29,41,3,T,,
selected,700821.java,127,139,3,T,,
selected,737064.java,46,53,,F,CR,
selected,1900983.java,54,60,,F,CR,
selected,2492368.java,250,264,,F,CR,
selected,658916.java,41,59,,F,,
selected,2325339.java,23,37,,F,,
selected,1338729.java,28,33,,F,,
selected,978113.java,98,106,,F,,
sample,ParseXML2Dom.java,36,47,Q,,,
sample,ParseXML2Dom.java,36,47,1,T,,
selected,707240.java,56,69,,F,CR,
selected,1580570.java,36,46,,F,CR,
selected,973053.java,84,100,3,T,CR,** different implementation
selected,2386437.java,37,48,,F,CR,
selected,2386437.java,50,61,,F,CR,
selected,1816713.java,14,32,3,T,CR,
selected,2116436.java,460,477,3,T,CR,
selected,2116436.java,479,496,3,T,CR,
selected,1307663.java,163,178,,F,CR,
selected,304940.java,52,82,3,T,CR,
selected,656501.java,74,100,,F,,
selected,2386437.java,63,74,,F,,
selected,2699500.java,308,322,,F,,
selected,745117.java,44,65,,F,,
sample,BubbleSort.java,201,217,Q,,,
sample,BubbleSort.java,201,217,1,T,,
sample,BubbleSort.java,165,181,3,T,,
sample,BubbleSort.java,129,145,3,T,,
sample,BubbleSort.java,21,37,3,T,,
sample,BubbleSort.java,57,73,3,T,,
sample,BubbleSort.java,93,109,3,T,,
sample,BubbleSort.java,238,254,3,T,,
selected,1339849.java,72,85,3,T,,
default,87418.java,21,37,3,T,,
default,87418.java,5,19,3,T,,
selected,2606539.java,31,47,3,T,,
selected,372059.java,33,47,3,T,,
selected,1575844.java,803,814,3,T,,
selected,307350.java,22,36,3,T,,
selected,2606539.java,49,66,3,T,,
sample,ResizeObjectArray.java,2,14,Q,,,
sample,ResizeObjectArray.java,2,14,1,T,,
selected,1549754.java,28,37,3,T,,
selected,125045.java,192,202,3,T,,
selected,420047.java,148,155,3,T,,
selected,530339.java,36,47,3,T,,
selected,92861.java,191,198,3,T,,
selected,653668.java,167,174,3,T,,
selected,2542923.java,55,62,3,T,,
selected,1727686.java,162,169,3,T,,
selected,62556.java,83,90,3,T,,
selected,1171071.java,18,25,3,T,CR,
selected,1366996.java,174,181,3,T,,
selected,1820558.java,8,15,3,T,,
selected,2211592.java,285,292,3,T,,
selected,2577087.java,41,49,3,T,,
sample,CreateJavaProject.java,16,42,Q,,,
sample,CreateJavaProject.java,16,42,1,T,,
selected,979210.java,63,71,3,T,CR,
selected,314706.java,321,342,3,T,CR,
selected,1735187.java,420,425,,F,CR,
selected,2331241.java,69,92,3,T,CR,
selected,2282690.java,71,94,3,T,CR,
selected,1924247.java,59,81,3,T,CR,
selected,1201356.java,61,92,3,T,,
selected,963101.java,183,215,3,T,,
selected,2191998.java,35,86,3,T,,
selected,1321414.java,43,74,3,T,CR,
selected,449652.java,180,202,3,T,CR,
selected,2665405.java,176,230,3,T,,
selected,967639.java,41,81,,F,,
selected,448076.java,301,328,3,T,,
sample,CopyFileSamples.java,71,79,Q,,,
sample,CopyFileSamples.java,71,79,1,T,,
selected,1906877.java,64,72,,F,CR,
selected,684312.java,49,62,,F,CR,
selected,111151.java,51,70,,F,CR,
selected,89635.java,67,81,,F,CR,
selected,1833107.java,68,85,,F,CR,
selected,1822830.java,79,92,,F,CR,
selected,1831532.java,172,178,,F,CR,
selected,703972.java,38,48,,F,CR,
selected,2397354.java,30,54,,F,CR,
selected,1469237.java,29,57,,F,CR,
selected,1745956.java,53,64,,F,,
selected,2536813.java,96,112,,F,,
selected,154014.java,58,72,,F,,
selected,2103297.java,109,126,,F,,
sample,FTP_ApacheCommonsNet_Samples.java,11,16,Q,,,
sample,FTP_ApacheCommonsNet_Samples.java,11,16,1,T,,
sample,FTP_ApacheCommonsNet_Samples.java,33,38,3,T,,
sample,FTP_FTP4J_Samples.java,15,20,3,T,,
sample,FTP_ApacheCommonsNet_Samples.java,25,31,3,T,,
sample,FTP_ApacheCommonsNet_Samples.java,47,53,3,T,,
sample,FTP_ApacheCommonsNet_Samples.java,18,23,3,T,,
sample,FTP_ApacheCommonsNet_Samples.java,40,45,3,T,,
selected,14032.java,23,34,3,T,,
sample,FTP_ApacheCommonsNet_Samples.java,55,60,3,T,,
sample,FTP_ApacheCommonsNet_Samples.java,62,67,3,T,,
sample,FTP_ApacheCommonsNet_Samples.java,69,75,3,T,,
selected,853582.java,50,59,3,T,,
selected,2626685.java,112,126,3,T,,
selected,189178.java,118,133,3,T,,
selected,1654038.java,111,126,3,T,,
sample,ScreenShot.java,14,20,Q,,,
sample,ScreenShot.java,14,20,1,T,,
selected,1090656.java,27,33,3,T,,
default,22142.java,8,21,3,T,,
default,97227.java,20,32,3,T,,
selected,1178310.java,391,403,3,T,,
default,45575.java,19,32,3,T,,
default,60142.java,118,134,3,T,,
selected,2364940.java,31,40,3,T,,
selected,2348055.java,163,188,3,T,,
default,128086.java,8,22,3,T,,
selected,1933534.java,99,110,3,T,,
selected,1565343.java,158,169,3,T,,
selected,2082884.java,67,78,3,T,,
selected,1272351.java,13,29,3,T,,
selected,796100.java,61,71,3,T,,
sample,DownloadWebpage.java,20,30,Q,,,
sample,DownloadWebpage.java,20,30,1,T,,
selected,1869887.java,104,119,3,T,,
sample,DownloadWebpage.java,55,67,3,T,,
sample,DownloadWebpage.java,32,53,3,T,,
selected,756606.java,328,337,3,T,CR,
selected,1063147.java,425,434,3,T,CR,
selected,237460.java,259,268,3,T,CR,
selected,1688089.java,284,293,3,T,CR,
selected,113970.java,284,293,3,T,CR,
selected,595798.java,23,33,3,T,CR,
selected,237460.java,240,249,3,T,CR,
selected,1688089.java,265,274,,F,,
selected,113970.java,265,274,,F,,
selected,1070572.java,69,78,,F,,
selected,953702.java,15,32,3,T,,
sample,GCD.java,24,32,Q,,,
sample,GCD.java,24,32,1,T,,
default,6176.java,95,100,3,T,,
selected,1397520.java,50,56,3,T,CR,
selected,50594.java,90,99,,F,CR,?? Found LCM instead
selected,406250.java,276,285,2,T,CR,
selected,1757323.java,259,268,2,T,CR,
selected,2263766.java,7,20,3,T,CR,
selected,1245038.java,275,283,3,T,CR,** look different
selected,851617.java,77,89,,F,CR,
selected,1671233.java,78,99,,F,CR,
selected,343387.java,446,451,,F,CR,
selected,2332215.java,162,167,,F,,
selected,2058274.java,162,167,,F,,
selected,1990527.java,446,451,,F,,
selected,1754230.java,162,167,,F,,
sample,TransposeMatrix.java,4,12,Q,,,
sample,TransposeMatrix.java,4,12,1,T,,
selected,994733.java,242,250,3,T,,
selected,1706233.java,487,495,3,T,,
selected,2557108.java,29,37,3,T,,
selected,2149595.java,220,228,3,T,,
selected,2497703.java,387,395,3,T,,
selected,2098840.java,75,83,3,T,,
selected,2364886.java,1221,1229,3,T,,
selected,1440276.java,162,170,3,T,,
selected,515120.java,1754,1762,3,T,,
selected,1268821.java,193,201,3,T,,
selected,1202455.java,7,15,3,T,,
selected,2543412.java,222,230,3,T,,
selected,16259.java,35,43,3,T,,
selected,395317.java,124,132,3,T,,
sample,PlaySound.java,21,26,Q,,,
sample,PlaySound.java,21,26,1,T,,
selected,2206939.java,17,26,3,T,,
selected,2206939.java,14,28,3,T,,
selected,1298966.java,67,80,3,T,CR,
selected,1383459.java,26,34,3,T,,
selected,631271.java,17,26,3,T,,
selected,2560264.java,17,26,3,T,,
selected,2297787.java,1338,1357,3,T,,
selected,2222466.java,91,100,,F,CR,
selected,2265387.java,79,90,,F,CR,
selected,631271.java,14,28,3,T,,
selected,2560264.java,14,28,3,T,,
selected,2297787.java,1335,1359,3,T,,
selected,1179832.java,70,81,,F,,
selected,2722993.java,42,47,,F,,
sample,BubbleSort.java,238,254,Q,,,
sample,BubbleSort.java,238,254,1,T,,
sample,BubbleSort.java,165,181,3,T,,
sample,BubbleSort.java,129,145,3,T,,
sample,BubbleSort.java,21,37,3,T,,
sample,BubbleSort.java,57,73,3,T,,
sample,BubbleSort.java,93,109,3,T,,
sample,BubbleSort.java,201,217,3,T,,
sample,BubbleSort.java,219,236,3,T,,
selected,1872351.java,5,18,3,T,CR,
selected,419242.java,5,19,3,T,,
selected,1203062.java,12,27,3,T,CR,**
selected,1107941.java,295,311,3,T,CR,**
selected,1681937.java,11,24,,F,,
selected,2060848.java,59,72,,F,,
default,87418.java,21,37,3,T,,
sample,CallMethodUsingReflection.java,47,52,Q,,,
sample,CallMethodUsingReflection.java,47,52,1,T,,
selected,2448150.java,63,76,,F,CR,
selected,1578438.java,217,227,,F,CR,
selected,2492950.java,116,124,3,T,CR,** still can match even quite different
selected,1186303.java,22,29,,F,CR,
selected,2121168.java,104,130,,F,CR,
selected,2084427.java,35,52,,F,CR,
selected,1369356.java,56,74,,F,CR,
selected,1108752.java,35,60,,F,CR,
selected,592954.java,38,49,3,T,CR,** still can match even quite different
selected,592954.java,25,36,3,T,CR,** still can match even quite different
selected,2526596.java,175,186,,F,,
selected,702878.java,70,95,,F,,
selected,2598088.java,20,59,,F,,
selected,1400827.java,78,107,,F,,
sample,PrimeFactors.java,6,16,Q,,,
sample,PrimeFactors.java,6,16,1,T,,
selected,50360.java,8,18,2,T,,
sample,PrimeFactors.java,18,28,2,T,,
selected,2125324.java,110,123,3,T,,
selected,1794459.java,8,21,3,T,,
selected,1171447.java,76,90,3,T,,
selected,949275.java,29,41,3,T,,
selected,700821.java,127,139,3,T,,
selected,737064.java,46,53,,F,CR,
selected,1900983.java,54,60,,F,CR,
selected,2492368.java,250,264,,F,CR,
selected,658916.java,41,59,,F,,
selected,2325339.java,23,37,,F,,
selected,1338729.java,28,33,,F,,
selected,978113.java,98,106,,F,,
sample,BinarySearch.java,32,46,Q,,,
sample,BinarySearch.java,32,46,1,T,,
selected,2514455.java,9,17,3,T,,
selected,220170.java,10,18,3,T,,
sample,BinarySearch.java,48,61,3,T,,
selected,555290.java,80,87,3,T,,
selected,1296232.java,77,92,3,T,CR,** not mentioned binary at all in the method.
selected,1785827.java,102,117,3,T,,
selected,38922.java,74,83,3,T,CR,** not mentioned binary at all in the method.
selected,2137518.java,74,83,3,T,CR,** not mentioned binary at all in the method.
selected,2012041.java,67,76,3,T,CR,** not mentioned binary at all in the method.
selected,2004523.java,86,94,3,T,,
selected,1405573.java,76,97,,F,,
selected,2483016.java,189,200,,F,,
default,54860.java,45,54,,F,,
selected,541276.java,73,83,3,T,,
sample,ZipFiles.java,11,39,Q,,,
sample,ZipFiles.java,11,39,1,T,,
selected,785129.java,191,201,3,T,,
selected,1948328.java,560,571,,F,CR,
selected,407139.java,365,382,3,T,,
selected,249118.java,28,46,3,T,,
selected,917932.java,177,190,3,T,,
selected,818894.java,137,147,,F,CR,
selected,838033.java,81,89,,F,CR,
selected,1189690.java,72,80,,F,CR,
selected,57467.java,47,58,3,T,CR,
selected,2050301.java,31,40,,F,CR,
selected,1687319.java,98,106,,F,,
selected,2284513.java,99,107,,F,,
selected,2363934.java,75,83,,F,,
selected,73703.java,209,217,,F,,
sample,FileChooser.java,38,65,Q,,,
sample,FileChooser.java,38,65,1,T,,
sample,FileChooser.java,9,36,2,T,,
sample,FileChooser.java,67,94,3,T,,
sample,FileChooser.java,96,123,3,T,,
selected,1170890.java,1750,1761,3,T,CR,
selected,2174721.java,90,107,3,T,CR,
selected,1683781.java,600,609,3,T,CR,
selected,2628336.java,172,182,3,T,CR,
selected,2055590.java,19,30,3,T,CR,
selected,1495911.java,600,608,3,T,CR,
selected,1975882.java,68,75,3,T,CR,
selected,1644577.java,302,312,,F,,
selected,1101722.java,25,31,,F,,
selected,1101722.java,17,23,,F,,
selected,1683781.java,596,612,,F,,
sample,BinarySearch.java,48,61,Q,,,
sample,BinarySearch.java,48,61,1,T,,
sample,BinarySearch.java,32,46,3,T,,
selected,2514455.java,9,17,3,T,,
selected,220170.java,10,18,3,T,,
selected,1296232.java,77,92,3,T,CR,
selected,1785827.java,102,117,3,T,,
selected,1586485.java,87,99,3,T,CR,
selected,486470.java,58,68,3,T,CR,
selected,486470.java,70,80,3,T,CR,
selected,976148.java,11,22,3,T,CR,
selected,1559389.java,351,357,3,T,CR,
default,54860.java,45,54,,F,,
selected,936827.java,146,155,3,T,,
selected,1183324.java,8,17,3,T,,
selected,2465371.java,108,117,3,T,,
sample,FTP_FTP4J_Samples.java,15,20,Q,,,
sample,FTP_FTP4J_Samples.java,15,20,1,T,,
sample,FTP_ApacheCommonsNet_Samples.java,11,16,3,T,,
sample,FTP_ApacheCommonsNet_Samples.java,33,38,3,T,,
sample,FTP_FTP4J_Samples.java,22,27,3,T,,
sample,FTP_ApacheCommonsNet_Samples.java,25,31,3,T,,
selected,14032.java,23,34,3,T,,
sample,FTP_ApacheCommonsNet_Samples.java,47,53,3,T,,
selected,853582.java,50,59,3,T,,
sample,FTP_ApacheCommonsNet_Samples.java,18,23,3,T,,
sample,FTP_ApacheCommonsNet_Samples.java,55,60,3,T,,
sample,FTP_ApacheCommonsNet_Samples.java,69,75,3,T,,
sample,FTP_ApacheCommonsNet_Samples.java,62,67,3,T,,
sample,FTP_ApacheCommonsNet_Samples.java,40,45,3,T,,
selected,1919649.java,42,48,,F,,
selected,1601937.java,44,49,,F,,