23677226,sample,TestPalindrome.java,2,13,sample,TestPalindrome.java,2,13,selected,2736290.java,278,287,selected,1585137.java,563,572,selected,1488184.java,565,574,selected,1325784.java,278,287,selected,102109.java,282,291,selected,2102260.java,20,34,selected,2394080.java,118,125,selected,1873695.java,118,125,selected,430495.java,963,972,selected,426281.java,736,745,selected,2647027.java,783,792,selected,200859.java,1155,1164,selected,195789.java,649,658,selected,1440841.java,987,996
23677138,sample,BubbleSort.java,93,109,sample,BubbleSort.java,93,109,sample,BubbleSort.java,165,181,sample,BubbleSort.java,129,145,sample,BubbleSort.java,21,37,sample,BubbleSort.java,57,73,sample,BubbleSort.java,201,217,sample,BubbleSort.java,238,254,sample,BubbleSort.java,75,91,sample,BubbleSort.java,147,163,sample,BubbleSort.java,111,127,sample,BubbleSort.java,3,19,sample,BubbleSort.java,39,55,sample,BubbleSort.java,183,199,sample,BubbleSort.java,219,236,selected,2649988.java,266,272
23677129,sample,FTP_ApacheCommonsNet_Samples.java,62,67,sample,FTP_ApacheCommonsNet_Samples.java,62,67,sample,FTP_ApacheCommonsNet_Samples.java,69,75,sample,FTP_ApacheCommonsNet_Samples.java,55,60,sample,FTP_ApacheCommonsNet_Samples.java,25,31,sample,FTP_ApacheCommonsNet_Samples.java,18,23,sample,FTP_ApacheCommonsNet_Samples.java,11,16,sample,FTP_ApacheCommonsNet_Samples.java,47,53,sample,FTP_ApacheCommonsNet_Samples.java,40,45,sample,FTP_ApacheCommonsNet_Samples.java,33,38,sample,FTP_FTP4J_Samples.java,22,27,sample,FTP_FTP4J_Samples.java,15,20,selected,2700070.java,26,33,selected,2547913.java,19,44,selected,305499.java,19,27,selected,14032.java,23,34
23677175,sample,Fibonacci.java,3,10,sample,Fibonacci.java,3,10,selected,592330.java,365,370,selected,592330.java,393,398,selected,1674801.java,16,25,selected,1531853.java,14,24,selected,2232174.java,75,85,selected,843174.java,20,28,selected,2683939.java,27,35,selected,854031.java,39,47,selected,1561282.java,384,395,selected,382193.java,34,40,default,9224.java,10,16,default,86434.java,10,16,default,60999.java,10,16,default,56762.java,10,16
23677130,sample,FTP_ApacheCommonsNet_Samples.java,69,75,sample,FTP_ApacheCommonsNet_Samples.java,69,75,sample,FTP_ApacheCommonsNet_Samples.java,55,60,sample,FTP_ApacheCommonsNet_Samples.java,62,67,sample,FTP_ApacheCommonsNet_Samples.java,25,31,sample,FTP_ApacheCommonsNet_Samples.java,47,53,sample,FTP_ApacheCommonsNet_Samples.java,18,23,sample,FTP_ApacheCommonsNet_Samples.java,11,16,sample,FTP_ApacheCommonsNet_Samples.java,40,45,sample,FTP_ApacheCommonsNet_Samples.java,33,38,sample,FTP_FTP4J_Samples.java,22,27,sample,FTP_FTP4J_Samples.java,15,20,selected,2700070.java,26,33,selected,2547913.java,19,44,selected,305499.java,19,27,selected,550146.java,42,68
23677112,sample,DownloadWebpage.java,32,53,sample,DownloadWebpage.java,32,53,sample,DownloadWebpage.java,20,30,sample,DownloadWebpage.java,55,67,selected,799193.java,16,27,selected,2621331.java,317,324,selected,1481489.java,317,324,selected,984447.java,84,112,selected,1278546.java,80,97,selected,1286479.java,59,102,default,107947.java,47,58,selected,2527103.java,303,332,selected,1129009.java,68,83,selected,568613.java,192,220,selected,318003.java,25,50,selected,474427.java,82,105
23677127,sample,FTP_ApacheCommonsNet_Samples.java,47,53,sample,FTP_ApacheCommonsNet_Samples.java,47,53,sample,FTP_ApacheCommonsNet_Samples.java,33,38,sample,FTP_ApacheCommonsNet_Samples.java,25,31,sample,FTP_ApacheCommonsNet_Samples.java,40,45,sample,FTP_ApacheCommonsNet_Samples.java,11,16,sample,FTP_ApacheCommonsNet_Samples.java,18,23,sample,FTP_FTP4J_Samples.java,15,20,sample,FTP_ApacheCommonsNet_Samples.java,69,75,sample,FTP_FTP4J_Samples.java,22,27,sample,FTP_ApacheCommonsNet_Samples.java,62,67,sample,FTP_ApacheCommonsNet_Samples.java,55,60,selected,502121.java,187,209,selected,2282501.java,15,25,selected,550146.java,42,68,selected,714671.java,51,86
23677117,sample,CopyFileSamples.java,55,61,sample,CopyFileSamples.java,55,61,sample,CopyFileSamples.java,63,69,sample,CopyFileSamples.java,42,53,selected,734567.java,14,24,selected,1704283.java,46,56,selected,574710.java,21,35,selected,757911.java,21,31,selected,352380.java,151,170,selected,776949.java,14,24,selected,60460.java,65,77,selected,1318150.java,76,88,selected,684416.java,40,46,selected,1002975.java,95,102,selected,2051214.java,33,53,selected,1226233.java,10,16
23677198,sample,FileChooser.java,96,123,sample,FileChooser.java,96,123,sample,FileChooser.java,67,94,sample,FileChooser.java,38,65,sample,FileChooser.java,9,36,selected,2628336.java,125,190,selected,1234684.java,188,201,selected,2218241.java,69,77,selected,2007880.java,445,480,selected,2058156.java,181,193,selected,2643324.java,80,100,selected,1848463.java,15,57,selected,1742373.java,139,150,selected,1857524.java,42,52,selected,1221014.java,15,38,selected,1539944.java,735,749
23677162,sample,LoadFont.java,14,19,sample,LoadFont.java,14,19,sample,LoadFont.java,21,26,selected,2584533.java,68,89,selected,948406.java,326,355,default,131555.java,11,20,selected,2064356.java,208,224,selected,2261893.java,1191,1198,selected,864100.java,64,90,selected,2055524.java,27,45,selected,337839.java,26,45,selected,1861123.java,65,91,selected,906350.java,355,373,selected,2140625.java,170,209,selected,795046.java,173,198,selected,675874.java,56,87
23677183,sample,GCD.java,11,18,sample,GCD.java,11,18,selected,2420319.java,467,474,selected,1757323.java,273,280,selected,25736.java,12,19,selected,1326509.java,95,102,selected,2180707.java,47,57,selected,2437917.java,138,145,selected,1898130.java,371,379,selected,725302.java,248,255,selected,1297932.java,196,203,selected,749776.java,58,65,default,45493.java,56,63,selected,2670230.java,48,56,selected,2323800.java,20,27,selected,1671140.java,17,24
23677205,sample,ExecuteExternalProcessAndReadInput.java,38,54,sample,ExecuteExternalProcessAndReadInput.java,38,54,default,32694.java,25,34,selected,1373242.java,143,159,selected,1910464.java,94,103,selected,1352764.java,19,45,selected,1660205.java,120,132,selected,404199.java,61,155,selected,2194664.java,7,19,default,136294.java,5,21,selected,1797413.java,27,35,selected,2189072.java,32,52,selected,1403767.java,44,64,selected,1115112.java,48,68,selected,2003890.java,43,69,selected,1207194.java,71,101
23677177,sample,EncryptFile.java,16,37,sample,EncryptFile.java,16,37,selected,2523055.java,1,144,selected,1538113.java,112,131,selected,1268076.java,1,635,selected,548760.java,1,1606,selected,707787.java,121,144,selected,1154275.java,1,168,selected,48185.java,1,374,selected,2604207.java,1,371,selected,2466942.java,1,806,selected,104047.java,1,961,default,69920.java,1,573,selected,1052469.java,1,642,default,56669.java,1,1867,default,52077.java,1,902
23677137,sample,BubbleSort.java,75,91,sample,BubbleSort.java,75,91,sample,BubbleSort.java,147,163,sample,BubbleSort.java,111,127,sample,BubbleSort.java,3,19,sample,BubbleSort.java,39,55,sample,BubbleSort.java,183,199,sample,BubbleSort.java,219,236,default,115312.java,1,1418,default,47376.java,1,1410,default,22631.java,1,938,default,3227.java,1,932,default,49324.java,1,848,default,85431.java,1,383,default,33299.java,1,381,default,102823.java,1,391
23677136,sample,BubbleSort.java,57,73,sample,BubbleSort.java,57,73,sample,BubbleSort.java,165,181,sample,BubbleSort.java,129,145,sample,BubbleSort.java,21,37,sample,BubbleSort.java,93,109,sample,BubbleSort.java,201,217,sample,BubbleSort.java,238,254,sample,BubbleSort.java,39,55,sample,BubbleSort.java,147,163,sample,BubbleSort.java,111,127,sample,BubbleSort.java,3,19,sample,BubbleSort.java,75,91,sample,BubbleSort.java,183,199,sample,BubbleSort.java,219,236,selected,1575844.java,803,814
23677168,sample,CreateRSAKeys.java,34,54,sample,CreateRSAKeys.java,34,54,selected,2188583.java,37,47,selected,108370.java,19,35,sample,CreateRSAKeys.java,27,32,selected,2245475.java,21,43,selected,2178771.java,30,37,selected,884960.java,52,100,selected,2739154.java,41,51,selected,2175564.java,42,52,selected,485664.java,18,27,selected,1984007.java,114,140,selected,1893609.java,55,65,selected,2739154.java,109,127,selected,2175564.java,110,128,selected,1022819.java,20,36
23677206,sample,InstantiateNamedClassUsingReflection.java,7,12,sample,InstantiateNamedClassUsingReflection.java,7,12,selected,2314628.java,11,16,selected,523240.java,94,104,selected,296454.java,121,127,selected,846414.java,25,37,selected,399830.java,109,119,selected,2526596.java,143,148,selected,486653.java,206,228,selected,1028166.java,63,70,selected,1181733.java,32,40,selected,2226841.java,116,123,selected,2226841.java,95,102,selected,1326769.java,198,203,selected,554105.java,89,98,selected,2300994.java,40,52
23677157,sample,ShuffleArrayInPlace.java,50,66,sample,ShuffleArrayInPlace.java,50,66,sample,ShuffleArrayInPlace.java,16,32,sample,ShuffleArrayInPlace.java,34,48,selected,918764.java,37,45,selected,2212093.java,113,121,selected,1999677.java,7,15,selected,2644288.java,12,19,default,91887.java,342,349,default,64667.java,342,349,selected,918764.java,7,15,selected,918764.java,17,25,selected,918764.java,27,35,selected,857749.java,21,35,selected,1632131.java,1216,1223,selected,164450.java,29,37
23677222,sample,CopyDirectoryTree.java,18,27,sample,CopyDirectoryTree.java,18,27,sample,CopyDirectoryTree.java,30,44,selected,1070198.java,76,92,selected,2435652.java,262,282,selected,1362834.java,90,123,selected,1424799.java,21,46,selected,587323.java,30,165,selected,948176.java,244,284,selected,1552187.java,167,191,selected,1362834.java,125,162,selected,1070198.java,34,74,selected,1804094.java,306,312,selected,832610.java,42,60,selected,1122863.java,188,205,selected,100438.java,422,446
23677179,sample,OpenURLInSystemBrowser.java,8,15,sample,OpenURLInSystemBrowser.java,8,15,sample,OpenFileInDesktopApp.java,7,14,selected,2592168.java,86,99,selected,2494793.java,140,151,selected,2287112.java,114,127,selected,2230530.java,13,18,selected,737213.java,189,200,selected,2327701.java,17,27,selected,2480556.java,159,168,selected,1144523.java,38,47,selected,2543450.java,78,88,selected,2470676.java,124,133,selected,2042278.java,160,169,selected,2022414.java,91,101,selected,1370230.java,78,88
23677210,sample,getMACAddresInStandardForm.java,9,25,sample,getMACAddresInStandardForm.java,9,25,selected,2706991.java,35,45,sample,getMACAddresInStandardForm.java,27,39,selected,1610413.java,306,318,selected,1373426.java,339,366,selected,2706991.java,10,33,selected,1384795.java,88,107,selected,527112.java,15,34,selected,127208.java,32,41,selected,2454224.java,16,38,selected,1125396.java,101,153,selected,384778.java,207,225,selected,440776.java,307,356,selected,256020.java,79,100,selected,2296872.java,1798,1817
23677116,sample,CopyFileSamples.java,42,53,sample,CopyFileSamples.java,42,53,selected,574710.java,21,35,selected,352380.java,151,170,selected,575737.java,21,36,selected,731475.java,599,609,selected,970476.java,67,77,selected,749840.java,80,90,selected,729469.java,77,87,selected,699979.java,218,228,selected,682552.java,108,118,selected,666556.java,108,118,selected,535910.java,370,380,selected,411734.java,143,153,selected,389558.java,190,200,selected,345735.java,232,242
23677120,sample,UnZip.java,3,44,sample,UnZip.java,3,44,selected,2129944.java,1,1463,selected,2466942.java,1,806,selected,1956869.java,1,689,selected,943426.java,1,540,selected,2339973.java,1,1586,default,98947.java,1,493,default,7025.java,1,493,default,41436.java,1,493,default,35380.java,1,493,default,106099.java,1,493,selected,104047.java,1,961,selected,211427.java,1,394,selected,219295.java,1,824,selected,548760.java,1,1606
23677197,sample,FileChooser.java,67,94,sample,FileChooser.java,67,94,sample,FileChooser.java,96,123,sample,FileChooser.java,38,65,sample,FileChooser.java,9,36,selected,2628336.java,125,190,selected,2643324.java,80,100,selected,2628336.java,153,168,selected,275210.java,147,158,selected,1708976.java,168,207,selected,1221014.java,46,63,selected,1729645.java,53,68,selected,900579.java,83,115,selected,711500.java,528,543,selected,1167111.java,39,51,selected,2064130.java,36,61
23677156,sample,ShuffleArrayInPlace.java,34,48,sample,ShuffleArrayInPlace.java,34,48,selected,918764.java,7,15,selected,1632131.java,1207,1214,sample,ShuffleArrayInPlace.java,16,32,sample,ShuffleArrayInPlace.java,50,66,selected,918764.java,17,25,selected,918764.java,27,35,selected,918764.java,37,45,selected,2644288.java,12,19,selected,2212093.java,113,121,selected,2668206.java,11,19,selected,1706354.java,12,20,default,91887.java,342,349,default,64667.java,342,349,selected,1632131.java,1216,1223
6096495,sample,MD5.java,2,11,sample,MD5.java,2,11,selected,1508294.java,111,126,selected,1077933.java,25,40,selected,1192485.java,22,36,selected,59611.java,45,58,selected,542382.java,191,206,selected,1957335.java,147,162,selected,151366.java,191,206,selected,249158.java,12,28,selected,723422.java,78,102,selected,712709.java,12,26,selected,773465.java,95,111,selected,1681494.java,89,105,selected,2578041.java,341,350,selected,1421935.java,285,300
23677201,sample,SendEMail.java,15,48,sample,SendEMail.java,15,48,selected,1829739.java,14,38,selected,2098269.java,21,46,selected,660010.java,69,94,selected,1387379.java,24,54,selected,660010.java,41,67,selected,2665636.java,234,260,selected,504335.java,29,53,default,31489.java,1,62,selected,771204.java,22,52,selected,2639498.java,10,34,selected,419022.java,46,87,selected,1120534.java,20,47,selected,1700073.java,154,174,selected,856760.java,21,52
23677207,sample,ConnectToDatabaseJDBC.java,8,20,sample,ConnectToDatabaseJDBC.java,8,20,sample,ConnectToDatabaseJDBC.java,21,26,selected,1521237.java,37,52,selected,1107284.java,32,39,selected,1521237.java,81,95,selected,1536353.java,62,71,selected,2024022.java,77,85,selected,266561.java,176,189,selected,2295460.java,189,195,selected,1795870.java,37,48,selected,1438385.java,54,65,selected,642850.java,113,122,selected,266561.java,142,159,selected,1265345.java,76,99,selected,1402305.java,27,52
23677145,sample,BubbleSort.java,219,236,sample,BubbleSort.java,219,236,sample,BubbleSort.java,147,163,sample,BubbleSort.java,111,127,sample,BubbleSort.java,3,19,sample,BubbleSort.java,39,55,sample,BubbleSort.java,75,91,sample,BubbleSort.java,183,199,default,115312.java,1,1418,default,47376.java,1,1410,sample,BubbleSort.java,238,254,default,22631.java,1,938,default,3227.java,1,932,default,85431.java,1,383,default,33299.java,1,381,default,102823.java,1,391
23677185,sample,GCD.java,36,42,sample,GCD.java,36,42,selected,2496352.java,154,159,selected,2340088.java,154,159,selected,2212772.java,38,44,selected,1108780.java,137,144,selected,943768.java,419,424,selected,700821.java,57,62,selected,296655.java,63,68,selected,1923921.java,170,176,selected,1592489.java,17,30,selected,1512162.java,212,224,selected,803847.java,61,78,selected,2098245.java,66,72,selected,536100.java,205,211,selected,1525381.java,120,136
23677114,sample,CopyFileSamples.java,18,36,sample,CopyFileSamples.java,18,36,selected,1113498.java,86,104,selected,1574719.java,145,163,selected,253429.java,26,38,selected,871757.java,711,729,selected,1791697.java,70,88,selected,169032.java,187,205,selected,1552187.java,147,165,selected,1435050.java,199,217,selected,926926.java,63,81,selected,388654.java,111,129,selected,2556943.java,11,29,selected,2364800.java,70,88,selected,1921449.java,65,83,selected,1819337.java,144,162
23677126,sample,FTP_ApacheCommonsNet_Samples.java,40,45,sample,FTP_ApacheCommonsNet_Samples.java,40,45,sample,FTP_ApacheCommonsNet_Samples.java,47,53,sample,FTP_ApacheCommonsNet_Samples.java,33,38,sample,FTP_ApacheCommonsNet_Samples.java,18,23,sample,FTP_ApacheCommonsNet_Samples.java,25,31,sample,FTP_FTP4J_Samples.java,22,27,sample,FTP_ApacheCommonsNet_Samples.java,11,16,sample,FTP_ApacheCommonsNet_Samples.java,62,67,sample,FTP_ApacheCommonsNet_Samples.java,55,60,sample,FTP_ApacheCommonsNet_Samples.java,69,75,sample,FTP_FTP4J_Samples.java,15,20,selected,2282501.java,15,25,selected,2700070.java,26,33,selected,2547913.java,19,44,selected,2288080.java,25,31
23677133,sample,BubbleSort.java,3,19,sample,BubbleSort.java,3,19,sample,BubbleSort.java,147,163,sample,BubbleSort.java,111,127,sample,BubbleSort.java,39,55,sample,BubbleSort.java,75,91,sample,BubbleSort.java,183,199,sample,BubbleSort.java,219,236,default,115312.java,1,1418,default,47376.java,1,1410,default,22631.java,1,938,default,3227.java,1,932,default,49324.java,1,848,default,85431.java,1,383,default,33299.java,1,381,default,102823.java,1,391
23677147,sample,DBUpdateAndRollback.java,10,29,sample,DBUpdateAndRollback.java,10,29,sample,DBUpdateAndRollback.java,31,50,selected,378145.java,458,478,selected,812932.java,206,216,selected,179429.java,30,57,selected,1596202.java,103,125,selected,1474251.java,651,662,selected,622755.java,357,365,selected,622755.java,323,331,selected,622755.java,340,348,selected,1670278.java,236,244,selected,2414036.java,248,263,selected,702324.java,42,51,selected,1874317.java,42,51,selected,812932.java,229,238
23677208,sample,ConnectToDatabaseJDBC.java,21,26,sample,ConnectToDatabaseJDBC.java,21,26,sample,ConnectToDatabaseJDBC.java,8,20,selected,1795870.java,37,48,selected,729495.java,10,19,selected,422053.java,10,19,selected,302267.java,10,19,selected,2144911.java,10,19,selected,1554424.java,10,19,selected,1442218.java,10,19,selected,156670.java,18,23,selected,778518.java,15,22,selected,780401.java,74,86,selected,2496232.java,118,127,selected,2388908.java,66,83,selected,294552.java,195,219
23677186,sample,CallMethodUsingReflection.java,8,18,sample,CallMethodUsingReflection.java,8,18,sample,CallMethodUsingReflection.java,20,26,sample,CallMethodUsingReflection.java,28,45,selected,1772743.java,308,319,selected,2096479.java,104,116,selected,695514.java,110,120,selected,2252655.java,115,122,selected,2252655.java,186,193,selected,1634748.java,107,120,selected,2014063.java,133,143,selected,1580755.java,161,170,selected,661840.java,193,203,selected,516185.java,70,79,selected,2282446.java,140,149,selected,1580512.java,140,149
23677141,sample,BubbleSort.java,147,163,sample,BubbleSort.java,147,163,sample,BubbleSort.java,111,127,sample,BubbleSort.java,3,19,sample,BubbleSort.java,39,55,sample,BubbleSort.java,75,91,sample,BubbleSort.java,183,199,sample,BubbleSort.java,219,236,default,115312.java,1,1418,default,47376.java,1,1410,default,22631.java,1,938,default,3227.java,1,932,default,49324.java,1,848,default,85431.java,1,383,default,33299.java,1,381,default,102823.java,1,391
23677187,sample,CallMethodUsingReflection.java,20,26,sample,CallMethodUsingReflection.java,20,26,sample,CallMethodUsingReflection.java,28,45,sample,CallMethodUsingReflection.java,8,18,selected,120511.java,93,103,selected,56283.java,97,119,selected,769579.java,41,51,selected,551474.java,46,56,selected,1911746.java,43,53,selected,955731.java,66,79,selected,253098.java,85,93,selected,2256439.java,437,455,selected,850489.java,112,139,selected,983598.java,96,123,selected,849510.java,116,143,selected,604446.java,96,123
23677139,sample,BubbleSort.java,111,127,sample,BubbleSort.java,111,127,sample,BubbleSort.java,147,163,sample,BubbleSort.java,3,19,sample,BubbleSort.java,39,55,sample,BubbleSort.java,75,91,sample,BubbleSort.java,183,199,sample,BubbleSort.java,219,236,default,115312.java,1,1418,default,47376.java,1,1410,default,22631.java,1,938,default,3227.java,1,932,default,49324.java,1,848,default,85431.java,1,383,default,33299.java,1,381,default,123884.java,1,841
23677124,sample,FTP_ApacheCommonsNet_Samples.java,25,31,sample,FTP_ApacheCommonsNet_Samples.java,25,31,sample,FTP_ApacheCommonsNet_Samples.java,47,53,sample,FTP_ApacheCommonsNet_Samples.java,11,16,sample,FTP_ApacheCommonsNet_Samples.java,18,23,sample,FTP_FTP4J_Samples.java,15,20,sample,FTP_ApacheCommonsNet_Samples.java,33,38,sample,FTP_FTP4J_Samples.java,22,27,sample,FTP_ApacheCommonsNet_Samples.java,40,45,sample,FTP_ApacheCommonsNet_Samples.java,69,75,sample,FTP_ApacheCommonsNet_Samples.java,62,67,sample,FTP_ApacheCommonsNet_Samples.java,55,60,selected,502121.java,187,209,selected,14032.java,23,34,selected,2282501.java,15,25,selected,1234261.java,382,412
23677180,sample,OpenFileInDesktopApp.java,7,14,sample,OpenFileInDesktopApp.java,7,14,sample,OpenURLInSystemBrowser.java,8,15,selected,827122.java,405,412,selected,2592168.java,86,99,selected,1740244.java,29,42,selected,2444056.java,345,357,selected,2287112.java,114,127,selected,1045267.java,28,39,selected,2417484.java,248,257,selected,598204.java,1052,1063,selected,598204.java,1078,1089,selected,794727.java,36,48,selected,1975126.java,36,48,selected,2246145.java,179,184,selected,1740244.java,22,44
23677215,sample,DeleteFolderRecursively.java,20,51,sample,DeleteFolderRecursively.java,20,51,sample,DeleteFolderRecursively.java,29,37,selected,1658160.java,140,154,sample,DeleteFolderRecursively.java,39,49,sample,CopyDirectoryTree.java,30,44,sample,DeleteFolderRecursively.java,22,27,selected,1658160.java,42,70,selected,2317036.java,36,53,selected,2220111.java,546,578,selected,169026.java,1,213,selected,2744271.java,102,117,selected,2578751.java,253,283,selected,60250.java,1,549,selected,2339973.java,1,1586,selected,2022669.java,1,444
23677171,sample,PlaySound.java,29,44,sample,PlaySound.java,29,44,selected,2454405.java,36,70,selected,1207094.java,181,211,selected,42910.java,108,144,selected,2550647.java,61,103,selected,2464807.java,114,141,selected,1309422.java,323,349,selected,1309422.java,295,321,selected,1309422.java,193,219,selected,1309422.java,165,191,selected,1309422.java,137,163,selected,1309422.java,109,135,selected,1309422.java,81,107,selected,1309422.java,49,75,default,127108.java,36,61
23677113,sample,DownloadWebpage.java,55,67,sample,DownloadWebpage.java,55,67,sample,DownloadWebpage.java,20,30,selected,878394.java,15,26,selected,1864701.java,76,93,selected,1957004.java,27,50,sample,DownloadWebpage.java,32,53,selected,372843.java,147,176,selected,889501.java,22,51,selected,482863.java,250,278,selected,475921.java,18,41,selected,1422483.java,524,536,selected,1196692.java,66,78,selected,1673591.java,84,137,selected,415042.java,13,42,selected,2249517.java,13,42
23677140,sample,BubbleSort.java,129,145,sample,BubbleSort.java,129,145,sample,BubbleSort.java,165,181,sample,BubbleSort.java,21,37,sample,BubbleSort.java,57,73,sample,BubbleSort.java,93,109,sample,BubbleSort.java,201,217,sample,BubbleSort.java,238,254,sample,BubbleSort.java,111,127,sample,BubbleSort.java,147,163,sample,BubbleSort.java,3,19,sample,BubbleSort.java,39,55,sample,BubbleSort.java,75,91,sample,BubbleSort.java,183,199,sample,BubbleSort.java,219,236,selected,1575844.java,803,814
23677214,sample,DeleteFolderRecursively.java,11,17,sample,DeleteFolderRecursively.java,11,17,selected,2328079.java,92,97,selected,2371926.java,96,101,selected,1800468.java,83,88,selected,1778774.java,78,83,selected,1761360.java,80,85,selected,1676955.java,79,84,selected,133258.java,62,67,selected,299673.java,81,91,selected,2675844.java,302,309,selected,2295586.java,270,277,selected,41785.java,311,318,selected,2239185.java,26,33,default,93205.java,173,178,default,22340.java,173,178
23677125,sample,FTP_ApacheCommonsNet_Samples.java,33,38,sample,FTP_ApacheCommonsNet_Samples.java,33,38,sample,FTP_ApacheCommonsNet_Samples.java,47,53,sample,FTP_ApacheCommonsNet_Samples.java,40,45,sample,FTP_ApacheCommonsNet_Samples.java,11,16,sample,FTP_ApacheCommonsNet_Samples.java,25,31,sample,FTP_FTP4J_Samples.java,15,20,sample,FTP_ApacheCommonsNet_Samples.java,18,23,sample,FTP_ApacheCommonsNet_Samples.java,62,67,sample,FTP_ApacheCommonsNet_Samples.java,55,60,sample,FTP_ApacheCommonsNet_Samples.java,69,75,sample,FTP_FTP4J_Samples.java,22,27,selected,14032.java,23,34,selected,858875.java,134,142,selected,714671.java,51,86,selected,2547913.java,19,44
23677134,sample,BubbleSort.java,21,37,sample,BubbleSort.java,21,37,sample,BubbleSort.java,165,181,sample,BubbleSort.java,129,145,sample,BubbleSort.java,57,73,sample,BubbleSort.java,93,109,sample,BubbleSort.java,201,217,sample,BubbleSort.java,238,254,sample,BubbleSort.java,3,19,sample,BubbleSort.java,147,163,sample,BubbleSort.java,111,127,sample,BubbleSort.java,39,55,sample,BubbleSort.java,75,91,sample,BubbleSort.java,183,199,sample,BubbleSort.java,219,236,selected,1575844.java,803,814
23677143,sample,BubbleSort.java,183,199,sample,BubbleSort.java,183,199,sample,BubbleSort.java,147,163,sample,BubbleSort.java,111,127,sample,BubbleSort.java,3,19,sample,BubbleSort.java,39,55,sample,BubbleSort.java,75,91,sample,BubbleSort.java,219,236,default,115312.java,1,1418,default,47376.java,1,1410,default,22631.java,1,938,default,3227.java,1,932,default,49324.java,1,848,default,85431.java,1,383,default,33299.java,1,381,default,102823.java,1,391
23677223,sample,CopyDirectoryTree.java,30,44,sample,CopyDirectoryTree.java,30,44,sample,DeleteFolderRecursively.java,20,51,selected,1658160.java,140,154,sample,DeleteFolderRecursively.java,22,27,selected,2578751.java,253,283,selected,2675844.java,202,208,selected,2744271.java,102,117,selected,2317036.java,36,53,selected,1658160.java,42,70,selected,2744271.java,54,100,selected,511144.java,249,272,selected,2220111.java,546,578,selected,845746.java,50,64,selected,2744271.java,107,114,selected,2067491.java,1525,1533
23677228,sample,WritePDF.java,14,29,sample,WritePDF.java,14,29,selected,635296.java,17,30,selected,2220702.java,22,35,selected,1947631.java,22,40,selected,1406944.java,31,43,selected,1600867.java,26,52,selected,2157969.java,47,67,selected,1253085.java,18,51,selected,442988.java,23,30,default,133849.java,8,21,selected,991916.java,14,26,selected,1334007.java,81,97,selected,2234599.java,26,51,selected,1716137.java,21,35,selected,1899479.java,23,37
23677190,sample,ParseXML2Dom.java,17,34,sample,ParseXML2Dom.java,17,34,selected,18789.java,41,49,selected,76792.java,266,276,selected,672372.java,127,137,selected,871148.java,41,61,selected,1162808.java,128,156,selected,606665.java,66,72,selected,1350980.java,196,201,selected,2523055.java,1,144,selected,1900376.java,140,160,selected,164397.java,365,381,selected,1850555.java,18,37,selected,2512922.java,273,281,default,133168.java,1,74,selected,1053077.java,27,33
23677167,sample,CreateRSAKeys.java,27,32,sample,CreateRSAKeys.java,27,32,selected,1481756.java,56,61,selected,555311.java,337,344,selected,840512.java,48,54,selected,58801.java,82,95,selected,1172151.java,78,88,default,105953.java,1604,1620,sample,CreateRSAKeys.java,34,54,selected,2500575.java,199,207,selected,2403466.java,206,214,selected,85367.java,206,212,selected,2389113.java,92,98,selected,2216717.java,80,86,selected,2157032.java,44,50,selected,2092267.java,314,320
23677132,sample,FTP_FTP4J_Samples.java,22,27,sample,FTP_FTP4J_Samples.java,22,27,sample,FTP_FTP4J_Samples.java,15,20,sample,FTP_ApacheCommonsNet_Samples.java,18,23,sample,FTP_ApacheCommonsNet_Samples.java,25,31,sample,FTP_ApacheCommonsNet_Samples.java,11,16,sample,FTP_ApacheCommonsNet_Samples.java,40,45,sample,FTP_ApacheCommonsNet_Samples.java,47,53,sample,FTP_ApacheCommonsNet_Samples.java,33,38,sample,FTP_ApacheCommonsNet_Samples.java,62,67,sample,FTP_ApacheCommonsNet_Samples.java,55,60,sample,FTP_ApacheCommonsNet_Samples.java,69,75,selected,1234261.java,382,412,selected,2547913.java,19,44,selected,2282501.java,15,25,selected,14032.java,23,34
23677163,sample,LoadFont.java,21,26,sample,LoadFont.java,21,26,sample,LoadFont.java,14,19,selected,2584533.java,68,89,selected,948406.java,326,355,selected,2340916.java,398,427,selected,2064356.java,208,224,default,131555.java,11,20,selected,864100.java,64,90,selected,2055524.java,27,45,selected,337839.java,26,45,selected,1861123.java,65,91,selected,2261893.java,1191,1198,selected,2383719.java,91,125,selected,1846343.java,89,101,selected,906350.java,355,373
23677209,sample,LoadFileIntoByteArray.java,7,23,sample,LoadFileIntoByteArray.java,7,23,selected,2700222.java,36,51,selected,433386.java,91,105,selected,1975622.java,90,104,selected,2526585.java,39,53,selected,225160.java,40,54,selected,163137.java,36,50,selected,728866.java,233,243,selected,1847518.java,27,38,selected,1257375.java,31,50,selected,1006786.java,31,50,selected,1463107.java,330,338,selected,1021942.java,409,417,selected,683557.java,318,329,selected,2432188.java,351,362
23677118,sample,CopyFileSamples.java,63,69,sample,CopyFileSamples.java,63,69,sample,CopyFileSamples.java,55,61,sample,CopyFileSamples.java,42,53,selected,734567.java,14,24,selected,1704283.java,46,56,selected,574710.java,21,35,selected,757911.java,21,31,selected,352380.java,151,170,selected,60460.java,65,77,selected,1318150.java,76,88,selected,2661017.java,152,170,selected,2451520.java,69,80,selected,2451520.java,56,67,selected,776949.java,14,24,selected,445241.java,73,89
23677142,sample,BubbleSort.java,165,181,sample,BubbleSort.java,165,181,sample,BubbleSort.java,129,145,sample,BubbleSort.java,21,37,sample,BubbleSort.java,57,73,sample,BubbleSort.java,93,109,sample,BubbleSort.java,201,217,sample,BubbleSort.java,238,254,sample,BubbleSort.java,147,163,sample,BubbleSort.java,111,127,sample,BubbleSort.java,3,19,sample,BubbleSort.java,39,55,sample,BubbleSort.java,75,91,sample,BubbleSort.java,183,199,sample,BubbleSort.java,219,236,selected,2461254.java,20,28
23677148,sample,DBUpdateAndRollback.java,31,50,sample,DBUpdateAndRollback.java,31,50,sample,DBUpdateAndRollback.java,10,29,selected,209477.java,46,95,selected,20699.java,87,136,selected,1831338.java,45,94,selected,138171.java,46,95,selected,2453391.java,71,120,selected,2411651.java,236,285,selected,2355280.java,48,97,selected,1996720.java,49,98,selected,2553367.java,225,240,selected,209477.java,97,131,selected,20699.java,138,172,selected,1831338.java,96,130,selected,138171.java,97,131
23677158,sample,BinarySearch.java,6,17,sample,BinarySearch.java,6,17,sample,BinarySearch.java,19,30,sample,BinarySearch.java,32,46,sample,BinarySearch.java,48,61,selected,108362.java,260,267,selected,1220418.java,182,188,selected,2338938.java,5,17,selected,2241768.java,198,207,selected,1259181.java,292,306,selected,74771.java,452,459,default,106936.java,11,18,selected,789918.java,1391,1402,selected,163418.java,240,261,selected,2477342.java,759,800,selected,192143.java,594,897
23677135,sample,BubbleSort.java,39,55,sample,BubbleSort.java,39,55,sample,BubbleSort.java,147,163,sample,BubbleSort.java,111,127,sample,BubbleSort.java,3,19,sample,BubbleSort.java,75,91,sample,BubbleSort.java,183,199,sample,BubbleSort.java,219,236,default,115312.java,1,1418,default,47376.java,1,1410,default,22631.java,1,938,default,3227.java,1,932,default,49324.java,1,848,default,85431.java,1,383,default,33299.java,1,381,default,102823.java,1,391
23677203,sample,CRC32FileChecksum.java,11,20,sample,CRC32FileChecksum.java,11,20,selected,552291.java,139,148,selected,667744.java,153,163,selected,1245191.java,29,39,selected,684416.java,73,80,selected,1935035.java,300,311,selected,1397797.java,405,414,selected,2564655.java,401,413,selected,2108993.java,430,450,selected,1644293.java,63,68,selected,896377.java,189,197,selected,1397797.java,416,426,selected,1241817.java,70,78,selected,2296378.java,91,106,selected,746815.java,629,657
23677221,sample,ExtactUsingRegex.java,9,17,sample,ExtactUsingRegex.java,9,17,selected,1242191.java,82,90,selected,2093832.java,31,41,selected,2001845.java,41,50,selected,336247.java,77,85,selected,445633.java,65,73,selected,1931523.java,14,24,selected,560725.java,27,37,selected,243597.java,24,31,selected,2468280.java,14,24,selected,2436212.java,14,24,selected,2041094.java,14,24,selected,2055704.java,238,249,selected,386952.java,92,105,selected,560725.java,39,57
23677128,sample,FTP_ApacheCommonsNet_Samples.java,55,60,sample,FTP_ApacheCommonsNet_Samples.java,55,60,sample,FTP_ApacheCommonsNet_Samples.java,69,75,sample,FTP_ApacheCommonsNet_Samples.java,62,67,sample,FTP_ApacheCommonsNet_Samples.java,25,31,sample,FTP_ApacheCommonsNet_Samples.java,18,23,sample,FTP_ApacheCommonsNet_Samples.java,11,16,sample,FTP_ApacheCommonsNet_Samples.java,47,53,sample,FTP_ApacheCommonsNet_Samples.java,40,45,sample,FTP_ApacheCommonsNet_Samples.java,33,38,sample,FTP_FTP4J_Samples.java,22,27,sample,FTP_FTP4J_Samples.java,15,20,selected,2700070.java,26,33,selected,2547913.java,19,44,selected,305499.java,19,27,selected,14032.java,23,34
23677159,sample,BinarySearch.java,19,30,sample,BinarySearch.java,19,30,sample,BinarySearch.java,6,17,sample,BinarySearch.java,48,61,sample,BinarySearch.java,32,46,selected,1559389.java,324,330,selected,1559389.java,351,357,selected,108362.java,260,267,default,120457.java,10,28,selected,2589151.java,23,36,selected,1559389.java,299,310,selected,1091355.java,26,41,selected,2356379.java,39,48,selected,2356379.java,22,31,selected,306598.java,8,13,selected,2586882.java,25,30
23677204,sample,ExecuteExternalProcessAndReadInput.java,10,36,sample,ExecuteExternalProcessAndReadInput.java,10,36,selected,1878518.java,36,54,selected,1133111.java,108,122,selected,88294.java,21,30,selected,780887.java,218,249,default,65932.java,65,90,selected,704278.java,81,156,selected,1098569.java,183,242,default,72953.java,24,71,selected,989957.java,90,120,selected,2005276.java,175,202,selected,1140446.java,45,81,selected,2146112.java,47,75,selected,531725.java,41,65,default,92509.java,28,35
23677211,sample,getMACAddresInStandardForm.java,27,39,sample,getMACAddresInStandardForm.java,27,39,selected,1610413.java,306,318,sample,getMACAddresInStandardForm.java,9,25,selected,1373426.java,339,366,selected,2296872.java,1798,1817,selected,256020.java,79,100,selected,127208.java,32,41,selected,524310.java,916,926,selected,2454224.java,16,38,selected,2567199.java,62,69,selected,2544031.java,11,34,selected,2048374.java,27,73,selected,527112.java,15,34,selected,313150.java,87,97,selected,2706991.java,10,33
23677155,sample,ShuffleArrayInPlace.java,16,32,sample,ShuffleArrayInPlace.java,16,32,sample,ShuffleArrayInPlace.java,50,66,sample,ShuffleArrayInPlace.java,34,48,selected,2212093.java,113,121,selected,1999677.java,7,15,selected,2644288.java,12,19,selected,1632131.java,1216,1223,selected,2668206.java,11,19,selected,1706354.java,12,20,selected,857749.java,21,35,selected,918764.java,7,15,selected,918764.java,37,45,selected,1675335.java,31,44,selected,918764.java,17,25,selected,918764.java,27,35
23677188,sample,CallMethodUsingReflection.java,28,45,sample,CallMethodUsingReflection.java,28,45,sample,CallMethodUsingReflection.java,20,26,sample,CallMethodUsingReflection.java,8,18,selected,56283.java,97,119,selected,850489.java,112,139,selected,983598.java,96,123,selected,849510.java,116,143,selected,604446.java,96,123,selected,543564.java,106,133,selected,289288.java,96,123,selected,2732819.java,96,123,selected,2538714.java,107,134,selected,2262718.java,102,130,selected,2081805.java,96,123,selected,2031034.java,96,123
23677121,sample,UnZip.java,46,83,sample,UnZip.java,46,83,sample,UnZip.java,3,44,selected,1521323.java,114,159,selected,889273.java,280,326,default,132256.java,29,65,default,109059.java,29,65,default,71175.java,29,65,default,70133.java,29,65,default,11737.java,29,65,selected,992903.java,21,40,selected,1117559.java,89,110,selected,1522788.java,103,124,selected,1159920.java,102,123,selected,587362.java,242,251,selected,269844.java,72,93
23677193,sample,ConvertDateFormat.java,8,19,sample,ConvertDateFormat.java,8,19,selected,2523055.java,1,144,selected,2429470.java,1,527,default,25719.java,1,1037,default,48430.java,1,1038,default,8803.java,1,1039,default,20126.java,1,1039,default,14254.java,1,1039,default,80459.java,1,994,default,93945.java,1,983,default,33720.java,1,983,default,33690.java,1,983,selected,2726948.java,1,877,selected,2339973.java,1,1586,selected,548760.java,1,1606
23677150,sample,SetUpGraphicalViewerSelectionEventHandler.java,2,9,sample,SetUpGraphicalViewerSelectionEventHandler.java,2,9,selected,597617.java,334,341,selected,2194550.java,346,353,selected,118500.java,336,343,selected,811805.java,72,83,selected,2644843.java,43,53,selected,1382645.java,36,52,selected,1148294.java,64,71,selected,1752598.java,72,83,selected,283402.java,200,213,selected,2032324.java,115,128,selected,1828398.java,327,334,selected,2432947.java,46,54,selected,1677433.java,86,94,selected,1587194.java,86,94
23677176,sample,XMPPSendMessage.java,10,26,sample,XMPPSendMessage.java,10,26,selected,652416.java,81,92,selected,2646196.java,22,34,selected,2727082.java,97,112,selected,1260121.java,22,42,selected,172245.java,28,43,selected,2039854.java,31,105,selected,833807.java,118,146,selected,1989886.java,22,44,selected,2383306.java,27,40,selected,510678.java,21,45,selected,1246248.java,27,41,selected,1964860.java,41,55,selected,43984.java,49,57,selected,1769474.java,24,64
23677123,sample,FTP_ApacheCommonsNet_Samples.java,18,23,sample,FTP_ApacheCommonsNet_Samples.java,18,23,sample,FTP_ApacheCommonsNet_Samples.java,25,31,sample,FTP_ApacheCommonsNet_Samples.java,11,16,sample,FTP_FTP4J_Samples.java,22,27,sample,FTP_ApacheCommonsNet_Samples.java,40,45,sample,FTP_ApacheCommonsNet_Samples.java,47,53,sample,FTP_FTP4J_Samples.java,15,20,sample,FTP_ApacheCommonsNet_Samples.java,33,38,sample,FTP_ApacheCommonsNet_Samples.java,62,67,sample,FTP_ApacheCommonsNet_Samples.java,55,60,sample,FTP_ApacheCommonsNet_Samples.java,69,75,selected,2282501.java,15,25,selected,14032.java,23,34,selected,2547913.java,19,44,default,78839.java,105,134
23677195,sample,FileChooser.java,9,36,sample,FileChooser.java,9,36,sample,FileChooser.java,38,65,sample,FileChooser.java,67,94,sample,FileChooser.java,96,123,selected,2643324.java,80,100,selected,1221014.java,46,63,selected,450485.java,141,156,selected,1221014.java,15,38,selected,1234684.java,188,201,selected,1130557.java,260,274,selected,1693252.java,299,326,selected,719200.java,281,307,selected,2218241.java,69,77,selected,2185569.java,30,41,selected,844161.java,615,641
23677219,sample,ParseCSVFile.java,11,26,sample,ParseCSVFile.java,11,26,selected,2240712.java,131,145,default,106464.java,115,126,default,106464.java,177,191,default,106464.java,450,464,selected,2281160.java,20,33,selected,735395.java,205,235,selected,1272240.java,31,55,default,99097.java,139,154,default,134690.java,139,154,selected,108214.java,251,261,selected,2053150.java,8,15,selected,1626343.java,154,176,selected,1521550.java,33,48,default,99097.java,219,237
23677153,sample,PrimeFactors.java,18,28,sample,PrimeFactors.java,18,28,selected,50360.java,8,18,sample,PrimeFactors.java,6,16,selected,2125324.java,110,123,selected,1794459.java,8,21,selected,700821.java,127,139,selected,949275.java,29,41,selected,2269578.java,7,18,selected,1638888.java,7,18,selected,1625179.java,7,18,selected,1344356.java,7,18,selected,69878.java,14,25,selected,46769.java,46,59,selected,1136418.java,152,164,selected,1809465.java,7,17
23677191,sample,ParseXML2Dom.java,36,47,sample,ParseXML2Dom.java,36,47,selected,2582442.java,403,413,selected,2582442.java,222,235,selected,2333554.java,306,312,selected,2582442.java,164,174,selected,2582442.java,179,217,selected,1146442.java,427,434,selected,1822731.java,33,52,selected,1801524.java,71,97,selected,2009556.java,199,213,selected,2299056.java,111,141,selected,1377280.java,39,55,selected,2299056.java,296,322,selected,1189283.java,80,99,selected,1144492.java,59,87
23677144,sample,BubbleSort.java,201,217,sample,BubbleSort.java,201,217,sample,BubbleSort.java,165,181,sample,BubbleSort.java,129,145,sample,BubbleSort.java,21,37,sample,BubbleSort.java,57,73,sample,BubbleSort.java,93,109,sample,BubbleSort.java,238,254,sample,BubbleSort.java,183,199,sample,BubbleSort.java,147,163,sample,BubbleSort.java,111,127,sample,BubbleSort.java,3,19,sample,BubbleSort.java,39,55,sample,BubbleSort.java,75,91,sample,BubbleSort.java,219,236,selected,1575844.java,803,814
23677178,sample,ResizeObjectArray.java,2,14,sample,ResizeObjectArray.java,2,14,selected,420047.java,148,155,selected,1549754.java,28,37,selected,125045.java,192,202,selected,1820558.java,8,15,selected,2211592.java,285,292,selected,92861.java,191,198,selected,653668.java,167,174,selected,2577087.java,41,49,selected,2542923.java,55,62,selected,1727686.java,162,169,selected,62556.java,83,90,selected,1366996.java,174,181,selected,1171071.java,18,25,selected,530339.java,36,47
23677151,sample,CreateJavaProject.java,16,42,sample,CreateJavaProject.java,16,42,selected,930644.java,64,107,selected,791524.java,64,108,selected,1359154.java,171,224,selected,1924247.java,59,81,selected,1892053.java,218,232,selected,2683343.java,77,117,selected,963101.java,183,215,selected,314706.java,321,342,selected,2191998.java,35,86,selected,1376811.java,12,22,selected,1359154.java,364,416,selected,2254651.java,416,447,selected,1001615.java,416,447,selected,223344.java,75,121
23677119,sample,CopyFileSamples.java,71,79,sample,CopyFileSamples.java,71,79,selected,2248548.java,35,48,selected,2441147.java,231,241,selected,595503.java,61,66,selected,38712.java,8,31,selected,2313969.java,13,30,selected,69220.java,355,368,selected,469461.java,138,149,selected,469461.java,159,170,selected,1638830.java,99,106,selected,1607195.java,506,516,selected,13052.java,16,32,selected,227617.java,40,54,selected,2427075.java,222,235,selected,423219.java,197,216
23677122,sample,FTP_ApacheCommonsNet_Samples.java,11,16,sample,FTP_ApacheCommonsNet_Samples.java,11,16,sample,FTP_ApacheCommonsNet_Samples.java,25,31,sample,FTP_FTP4J_Samples.java,15,20,sample,FTP_ApacheCommonsNet_Samples.java,33,38,sample,FTP_ApacheCommonsNet_Samples.java,18,23,sample,FTP_ApacheCommonsNet_Samples.java,47,53,sample,FTP_FTP4J_Samples.java,22,27,sample,FTP_ApacheCommonsNet_Samples.java,40,45,sample,FTP_ApacheCommonsNet_Samples.java,62,67,sample,FTP_ApacheCommonsNet_Samples.java,55,60,sample,FTP_ApacheCommonsNet_Samples.java,69,75,selected,14032.java,23,34,selected,2547913.java,19,44,selected,714671.java,51,86,selected,1234261.java,382,412
23677173,sample,ScreenShot.java,14,20,sample,ScreenShot.java,14,20,selected,1090656.java,27,33,selected,1178310.java,391,403,selected,2364940.java,31,40,default,97227.java,20,32,default,22142.java,8,21,default,45575.java,19,32,selected,2082884.java,67,78,selected,1587412.java,170,182,default,128086.java,8,22,selected,512334.java,46,60,default,60142.java,118,134,selected,1303102.java,19,32,selected,2514309.java,19,31,selected,190087.java,454,468
23677111,sample,DownloadWebpage.java,20,30,sample,DownloadWebpage.java,20,30,sample,DownloadWebpage.java,55,67,sample,DownloadWebpage.java,32,53,selected,799193.java,16,27,selected,1129009.java,68,83,selected,237460.java,259,268,selected,237460.java,240,249,selected,1688089.java,284,293,selected,1688089.java,265,274,selected,113970.java,284,293,selected,113970.java,265,274,selected,1958759.java,130,142,selected,1911736.java,62,72,selected,1070572.java,69,78,selected,13872.java,94,109
23677184,sample,GCD.java,24,32,sample,GCD.java,24,32,selected,1757323.java,259,268,selected,406250.java,276,285,selected,1397520.java,50,56,selected,2263766.java,7,20,selected,2698515.java,9,14,selected,2743289.java,7,26,selected,2685049.java,114,120,selected,2529987.java,56,62,selected,252375.java,126,132,selected,197058.java,1080,1086,selected,1747091.java,114,120,selected,1276573.java,85,91,selected,2653247.java,156,162,selected,2653247.java,140,146
23677220,sample,TransposeMatrix.java,4,12,sample,TransposeMatrix.java,4,12,selected,994733.java,242,250,selected,1706233.java,487,495,selected,1911150.java,187,196,selected,2520773.java,47,56,selected,1347479.java,188,197,selected,142994.java,9,17,selected,1911150.java,308,317,selected,2604410.java,241,250,selected,1814816.java,241,250,selected,2604410.java,463,471,selected,1814816.java,463,471,selected,1911150.java,148,157,selected,2604410.java,558,566,selected,1814816.java,558,566
23677170,sample,PlaySound.java,21,26,sample,PlaySound.java,21,26,selected,2206939.java,17,26,selected,2206939.java,14,28,selected,2297787.java,1338,1357,default,20588.java,31,45,selected,2297787.java,1335,1359,selected,2722993.java,42,47,selected,2673192.java,25,34,default,20588.java,28,49,selected,864287.java,95,112,selected,1383459.java,26,34,selected,631271.java,17,26,selected,2560264.java,17,26,default,20588.java,69,82,selected,2701834.java,24,39
23677146,sample,BubbleSort.java,238,254,sample,BubbleSort.java,238,254,sample,BubbleSort.java,165,181,sample,BubbleSort.java,129,145,sample,BubbleSort.java,21,37,sample,BubbleSort.java,57,73,sample,BubbleSort.java,93,109,sample,BubbleSort.java,201,217,sample,BubbleSort.java,219,236,sample,BubbleSort.java,147,163,sample,BubbleSort.java,111,127,sample,BubbleSort.java,3,19,sample,BubbleSort.java,39,55,sample,BubbleSort.java,75,91,sample,BubbleSort.java,183,199,selected,419242.java,5,19
23677189,sample,CallMethodUsingReflection.java,47,52,sample,CallMethodUsingReflection.java,47,52,selected,2207135.java,110,118,sample,CallMethodUsingReflection.java,28,45,sample,CallMethodUsingReflection.java,20,26,selected,611283.java,29,34,selected,2395958.java,29,35,selected,794367.java,38,49,selected,2668027.java,50,63,sample,CallMethodUsingReflection.java,8,18,selected,611283.java,66,73,selected,558200.java,52,58,selected,1980784.java,146,158,selected,2617018.java,158,176,selected,926345.java,31,47,selected,2256439.java,437,455
23677152,sample,PrimeFactors.java,6,16,sample,PrimeFactors.java,6,16,selected,50360.java,8,18,sample,PrimeFactors.java,18,28,selected,2125324.java,110,123,selected,1794459.java,8,21,selected,700821.java,127,139,selected,949275.java,29,41,selected,2269578.java,7,18,selected,1638888.java,7,18,selected,1625179.java,7,18,selected,1344356.java,7,18,selected,69878.java,14,25,selected,46769.java,46,59,selected,1136418.java,152,164,selected,1809465.java,7,17
23677160,sample,BinarySearch.java,32,46,sample,BinarySearch.java,32,46,sample,BinarySearch.java,48,61,sample,BinarySearch.java,6,17,sample,BinarySearch.java,19,30,selected,2514455.java,9,17,selected,220170.java,10,18,selected,108362.java,260,267,default,106936.java,11,18,selected,541276.java,73,83,selected,541276.java,85,95,selected,1321579.java,44,54,selected,1321579.java,56,66,selected,17837.java,974,991,selected,1183324.java,8,17,selected,1259181.java,292,306
23677194,sample,ZipFiles.java,11,39,sample,ZipFiles.java,11,39,selected,2466942.java,1,806,selected,2129944.java,1,1463,selected,1045642.java,277,298,default,98947.java,1,493,default,7025.java,1,493,default,41436.java,1,493,default,35380.java,1,493,default,106099.java,1,493,selected,104047.java,1,961,selected,835482.java,68,119,selected,606115.java,74,125,selected,173409.java,72,123,selected,1392671.java,78,129,selected,2086614.java,39,61
23677196,sample,FileChooser.java,38,65,sample,FileChooser.java,38,65,sample,FileChooser.java,9,36,sample,FileChooser.java,67,94,sample,FileChooser.java,96,123,selected,2643324.java,80,100,selected,900579.java,83,115,selected,1221014.java,15,38,selected,1221014.java,46,63,selected,450485.java,141,156,selected,1366207.java,332,344,selected,1130557.java,260,274,selected,1234684.java,188,201,selected,121433.java,14,27,selected,1693252.java,299,326,selected,719200.java,281,307
23677161,sample,BinarySearch.java,48,61,sample,BinarySearch.java,48,61,sample,BinarySearch.java,32,46,sample,BinarySearch.java,19,30,sample,BinarySearch.java,6,17,default,120457.java,10,28,selected,2589151.java,23,36,selected,108362.java,260,267,selected,1559389.java,351,357,selected,1559389.java,299,310,selected,1763909.java,12,28,selected,2366246.java,30,40,default,106936.java,11,18,selected,2514455.java,9,17,selected,220170.java,10,18,selected,218824.java,665,675
23677131,sample,FTP_FTP4J_Samples.java,15,20,sample,FTP_FTP4J_Samples.java,15,20,sample,FTP_FTP4J_Samples.java,22,27,sample,FTP_ApacheCommonsNet_Samples.java,11,16,sample,FTP_ApacheCommonsNet_Samples.java,25,31,sample,FTP_ApacheCommonsNet_Samples.java,33,38,sample,FTP_ApacheCommonsNet_Samples.java,18,23,sample,FTP_ApacheCommonsNet_Samples.java,47,53,sample,FTP_ApacheCommonsNet_Samples.java,40,45,sample,FTP_ApacheCommonsNet_Samples.java,62,67,sample,FTP_ApacheCommonsNet_Samples.java,55,60,sample,FTP_ApacheCommonsNet_Samples.java,69,75,selected,14032.java,23,34,selected,714671.java,51,86,selected,2547913.java,19,44,selected,1234261.java,382,412
